Request: 
POST /web-services/rate HTTP/1.1
Host: ws.fedex.com
Connection: Keep-Alive
User-Agent: PHP-SOAP/5.5.12
Content-Type: text/xml; charset=utf-8
SOAPAction: "getRates"
Content-Length: 3535


Request: 
<?xml version="1.0" encoding="UTF-8"?>
<SOAP-ENV:Envelope xmlns:SOAP-ENV="http://schemas.xmlsoap.org/soap/envelope/" xmlns:ns1="http://fedex.com/ws/rate/v10"><SOAP-ENV:Body><ns1:RateRequest><ns1:WebAuthenticationDetail><ns1:UserCredential><ns1:Key>WgOQO8OD4dqusJCr</ns1:Key><ns1:Password>v6Iqjoep4YZkncI9aMPSOaQbc</ns1:Password></ns1:UserCredential></ns1:WebAuthenticationDetail><ns1:ClientDetail><ns1:AccountNumber>268035427</ns1:AccountNumber><ns1:MeterNumber>101575590</ns1:MeterNumber></ns1:ClientDetail><ns1:TransactionDetail><ns1:CustomerTransactionId>*** Rate Available Services Request v10 using PHP ***</ns1:CustomerTransactionId></ns1:TransactionDetail><ns1:Version><ns1:ServiceId>crs</ns1:ServiceId><ns1:Major>10</ns1:Major><ns1:Intermediate>0</ns1:Intermediate><ns1:Minor>0</ns1:Minor></ns1:Version><ns1:ReturnTransitAndCommit>true</ns1:ReturnTransitAndCommit><ns1:RequestedShipment><ns1:DropoffType>REGULAR_PICKUP</ns1:DropoffType><ns1:Shipper><ns1:Address><ns1:StreetLines>4 Tripp Street</ns1:StreetLines><ns1:StreetLines/><ns1:City>Framingham</ns1:City><ns1:StateOrProvinceCode>MA</ns1:StateOrProvinceCode><ns1:PostalCode>01702</ns1:PostalCode><ns1:CountryCode>US</ns1:CountryCode></ns1:Address></ns1:Shipper><ns1:Recipient><ns1:Address><ns1:StreetLines>565 E Main St</ns1:StreetLines><ns1:StreetLines>Suite 210</ns1:StreetLines><ns1:City>Canfield</ns1:City><ns1:StateOrProvinceCode>OH</ns1:StateOrProvinceCode><ns1:PostalCode>44406</ns1:PostalCode><ns1:CountryCode>US</ns1:CountryCode><ns1:Residential>false</ns1:Residential></ns1:Address></ns1:Recipient><ns1:ShippingChargesPayment><ns1:PaymentType>SENDER</ns1:PaymentType><ns1:Payor><ns1:AccountNumber>268035427</ns1:AccountNumber><ns1:CountryCode>US</ns1:CountryCode></ns1:Payor></ns1:ShippingChargesPayment><ns1:RateRequestTypes>ACCOUNT</ns1:RateRequestTypes><ns1:PackageCount>2</ns1:PackageCount><ns1:RequestedPackageLineItems><ns1:SequenceNumber>1</ns1:SequenceNumber><ns1:GroupPackageCount>1</ns1:GroupPackageCount><ns1:Weight><ns1:Units>LB</ns1:Units><ns1:Value>2</ns1:Value></ns1:Weight><ns1:Dimensions><ns1:Length>15</ns1:Length><ns1:Width>3</ns1:Width><ns1:Height>7</ns1:Height><ns1:Units>IN</ns1:Units></ns1:Dimensions><ns1:CustomerReferences><ns1:CustomerReferenceType>CUSTOMER_REFERENCE</ns1:CustomerReferenceType><ns1:Value></ns1:Value></ns1:CustomerReferences><ns1:CustomerReferences><ns1:CustomerReferenceType>INVOICE_NUMBER</ns1:CustomerReferenceType><ns1:Value>108997</ns1:Value></ns1:CustomerReferences><ns1:CustomerReferences><ns1:CustomerReferenceType>P_O_NUMBER</ns1:CustomerReferenceType><ns1:Value>N/A</ns1:Value></ns1:CustomerReferences></ns1:RequestedPackageLineItems><ns1:RequestedPackageLineItems><ns1:SequenceNumber>2</ns1:SequenceNumber><ns1:GroupPackageCount>1</ns1:GroupPackageCount><ns1:Weight><ns1:Units>LB</ns1:Units><ns1:Value>3</ns1:Value></ns1:Weight><ns1:Dimensions><ns1:Length>24</ns1:Length><ns1:Width>7</ns1:Width><ns1:Height>22</ns1:Height><ns1:Units>IN</ns1:Units></ns1:Dimensions><ns1:CustomerReferences><ns1:CustomerReferenceType>CUSTOMER_REFERENCE</ns1:CustomerReferenceType><ns1:Value></ns1:Value></ns1:CustomerReferences><ns1:CustomerReferences><ns1:CustomerReferenceType>INVOICE_NUMBER</ns1:CustomerReferenceType><ns1:Value>108997</ns1:Value></ns1:CustomerReferences><ns1:CustomerReferences><ns1:CustomerReferenceType>P_O_NUMBER</ns1:CustomerReferenceType><ns1:Value>N/A</ns1:Value></ns1:CustomerReferences></ns1:RequestedPackageLineItems></ns1:RequestedShipment></ns1:RateRequest></SOAP-ENV:Body></SOAP-ENV:Envelope>

Response: 
HTTP/1.1 200 OK
Date: Thu, 12 Dec 2019 18:40:58 GMT
Server: Apache
Set-Cookie: siteDC=wtc; path=/; domain=.fedex.com; expires=Fri, 13-Dec-2019 18:40:58 GMT
Content-Length: 31599
Accept: text/xml, text/html, image/gif, image/jpeg, *; q=.2, */*; q=.2
X-CSR-LOG-TRANSACTION-ID: f7461932-511e-47c5-a5a7-a2ca25a6f7df
SOAPAction: ""
X-CSR-ELAPSED_MILLIS: 975
Vary: Accept-Encoding
RESPONSESSLProtocol: TLSv1.2
Keep-Alive: timeout=8, max=1024
Connection: Keep-Alive
Content-Type: text/xml; charset=utf-8

Response: 
<SOAP-ENV:Envelope xmlns:SOAP-ENV="http://schemas.xmlsoap.org/soap/envelope/"><SOAP-ENV:Header/><SOAP-ENV:Body><RateReply xmlns="http://fedex.com/ws/rate/v10"><HighestSeverity>SUCCESS</HighestSeverity><Notifications><Severity>SUCCESS</Severity><Source>crs</Source><Code>0</Code><Message>Request was successfully processed. </Message><LocalizedMessage>Request was successfully processed. </LocalizedMessage></Notifications><TransactionDetail><CustomerTransactionId>*** Rate Available Services Request v10 using PHP ***</CustomerTransactionId></TransactionDetail><Version><ServiceId>crs</ServiceId><Major>10</Major><Intermediate>0</Intermediate><Minor>0</Minor></Version><RateReplyDetails><ServiceType>FIRST_OVERNIGHT</ServiceType><PackagingType>YOUR_PACKAGING</PackagingType><DeliveryStation>YNGA </DeliveryStation><DeliveryDayOfWeek>FRI</DeliveryDayOfWeek><DeliveryTimestamp>2019-12-13T08:30:00</DeliveryTimestamp><CommitDetails><ServiceType>FIRST_OVERNIGHT</ServiceType><CommitTimestamp>2019-12-13T08:30:00</CommitTimestamp><DayOfWeek>FRI</DayOfWeek><DestinationServiceArea>A2</DestinationServiceArea><BrokerToDestinationDays>0</BrokerToDestinationDays><DocumentContent>NON_DOCUMENTS</DocumentContent></CommitDetails><DestinationAirportId>PIT</DestinationAirportId><IneligibleForMoneyBackGuarantee>false</IneligibleForMoneyBackGuarantee><OriginServiceArea>A1</OriginServiceArea><DestinationServiceArea>A2</DestinationServiceArea><SignatureOption>SERVICE_DEFAULT</SignatureOption><ActualRateType>PAYOR_ACCOUNT_PACKAGE</ActualRateType><RatedShipmentDetails><ShipmentRateDetail><RateType>PAYOR_ACCOUNT_PACKAGE</RateType><RateScale>10</RateScale><RateZone>4</RateZone><PricingCode>PACKAGE</PricingCode><RatedWeightMethod>DIM</RatedWeightMethod><DimDivisor>0</DimDivisor><FuelSurchargePercent>7.25</FuelSurchargePercent><TotalBillingWeight><Units>LB</Units><Value>30.0</Value></TotalBillingWeight><TotalBaseCharge><Currency>USD</Currency><Amount>328.43</Amount></TotalBaseCharge><TotalFreightDiscounts><Currency>USD</Currency><Amount>0.0</Amount></TotalFreightDiscounts><TotalNetFreight><Currency>USD</Currency><Amount>328.43</Amount></TotalNetFreight><TotalSurcharges><Currency>USD</Currency><Amount>23.81</Amount></TotalSurcharges><TotalNetFedExCharge><Currency>USD</Currency><Amount>352.24</Amount></TotalNetFedExCharge><TotalTaxes><Currency>USD</Currency><Amount>0.0</Amount></TotalTaxes><TotalNetCharge><Currency>USD</Currency><Amount>352.24</Amount></TotalNetCharge><TotalRebates><Currency>USD</Currency><Amount>0.0</Amount></TotalRebates><TotalDutiesAndTaxes><Currency>USD</Currency><Amount>0.0</Amount></TotalDutiesAndTaxes><TotalNetChargeWithDutiesAndTaxes><Currency>USD</Currency><Amount>352.24</Amount></TotalNetChargeWithDutiesAndTaxes><Surcharges><SurchargeType>FUEL</SurchargeType><Description>Fuel</Description><Amount><Currency>USD</Currency><Amount>23.81</Amount></Amount></Surcharges></ShipmentRateDetail></RatedShipmentDetails><RatedShipmentDetails><ShipmentRateDetail><RateType>RATED_ACCOUNT_PACKAGE</RateType><RateScale>10</RateScale><RateZone>4</RateZone><PricingCode>PACKAGE</PricingCode><RatedWeightMethod>DIM</RatedWeightMethod><DimDivisor>0</DimDivisor><FuelSurchargePercent>7.25</FuelSurchargePercent><TotalBillingWeight><Units>LB</Units><Value>30.0</Value></TotalBillingWeight><TotalBaseCharge><Currency>USD</Currency><Amount>328.43</Amount></TotalBaseCharge><TotalFreightDiscounts><Currency>USD</Currency><Amount>0.0</Amount></TotalFreightDiscounts><TotalNetFreight><Currency>USD</Currency><Amount>328.43</Amount></TotalNetFreight><TotalSurcharges><Currency>USD</Currency><Amount>23.81</Amount></TotalSurcharges><TotalNetFedExCharge><Currency>USD</Currency><Amount>352.24</Amount></TotalNetFedExCharge><TotalTaxes><Currency>USD</Currency><Amount>0.0</Amount></TotalTaxes><TotalNetCharge><Currency>USD</Currency><Amount>352.24</Amount></TotalNetCharge><TotalRebates><Currency>USD</Currency><Amount>0.0</Amount></TotalRebates><TotalDutiesAndTaxes><Currency>USD</Currency><Amount>0.0</Amount></TotalDutiesAndTaxes><TotalNetChargeWithDutiesAndTaxes><Currency>USD</Currency><Amount>352.24</Amount></TotalNetChargeWithDutiesAndTaxes><Surcharges><SurchargeType>FUEL</SurchargeType><Description>Fuel</Description><Amount><Currency>USD</Currency><Amount>23.81</Amount></Amount></Surcharges></ShipmentRateDetail></RatedShipmentDetails></RateReplyDetails><RateReplyDetails><ServiceType>PRIORITY_OVERNIGHT</ServiceType><PackagingType>YOUR_PACKAGING</PackagingType><DeliveryStation>YNGA </DeliveryStation><DeliveryDayOfWeek>FRI</DeliveryDayOfWeek><DeliveryTimestamp>2019-12-13T10:30:00</DeliveryTimestamp><CommitDetails><ServiceType>PRIORITY_OVERNIGHT</ServiceType><CommitTimestamp>2019-12-13T10:30:00</CommitTimestamp><DayOfWeek>FRI</DayOfWeek><DestinationServiceArea>A2</DestinationServiceArea><BrokerToDestinationDays>0</BrokerToDestinationDays><DocumentContent>NON_DOCUMENTS</DocumentContent></CommitDetails><DestinationAirportId>PIT</DestinationAirportId><IneligibleForMoneyBackGuarantee>false</IneligibleForMoneyBackGuarantee><OriginServiceArea>A1</OriginServiceArea><DestinationServiceArea>A2</DestinationServiceArea><SignatureOption>SERVICE_DEFAULT</SignatureOption><ActualRateType>PAYOR_ACCOUNT_PACKAGE</ActualRateType><RatedShipmentDetails><ShipmentRateDetail><RateType>PAYOR_ACCOUNT_PACKAGE</RateType><RateScale>1530</RateScale><RateZone>4</RateZone><PricingCode>PACKAGE</PricingCode><RatedWeightMethod>DIM</RatedWeightMethod><DimDivisor>0</DimDivisor><FuelSurchargePercent>7.25</FuelSurchargePercent><TotalBillingWeight><Units>LB</Units><Value>30.0</Value></TotalBillingWeight><TotalBaseCharge><Currency>USD</Currency><Amount>268.43</Amount></TotalBaseCharge><TotalFreightDiscounts><Currency>USD</Currency><Amount>26.85</Amount></TotalFreightDiscounts><TotalNetFreight><Currency>USD</Currency><Amount>241.58</Amount></TotalNetFreight><TotalSurcharges><Currency>USD</Currency><Amount>17.51</Amount></TotalSurcharges><TotalNetFedExCharge><Currency>USD</Currency><Amount>259.09</Amount></TotalNetFedExCharge><TotalTaxes><Currency>USD</Currency><Amount>0.0</Amount></TotalTaxes><TotalNetCharge><Currency>USD</Currency><Amount>259.09</Amount></TotalNetCharge><TotalRebates><Currency>USD</Currency><Amount>0.0</Amount></TotalRebates><TotalDutiesAndTaxes><Currency>USD</Currency><Amount>0.0</Amount></TotalDutiesAndTaxes><TotalNetChargeWithDutiesAndTaxes><Currency>USD</Currency><Amount>259.09</Amount></TotalNetChargeWithDutiesAndTaxes><FreightDiscounts><RateDiscountType>BONUS</RateDiscountType><Description>Automation Bonus</Description><Amount><Currency>USD</Currency><Amount>26.85</Amount></Amount><Percent>10.0</Percent></FreightDiscounts><FreightDiscounts><RateDiscountType>EARNED</RateDiscountType><Description>Earned</Description><Amount><Currency>USD</Currency><Amount>0.0</Amount></Amount><Percent>0.0</Percent></FreightDiscounts><Surcharges><SurchargeType>FUEL</SurchargeType><Description>Fuel</Description><Amount><Currency>USD</Currency><Amount>17.51</Amount></Amount></Surcharges></ShipmentRateDetail></RatedShipmentDetails><RatedShipmentDetails><ShipmentRateDetail><RateType>RATED_ACCOUNT_PACKAGE</RateType><RateScale>1530</RateScale><RateZone>4</RateZone><PricingCode>PACKAGE</PricingCode><RatedWeightMethod>DIM</RatedWeightMethod><DimDivisor>0</DimDivisor><FuelSurchargePercent>7.25</FuelSurchargePercent><TotalBillingWeight><Units>LB</Units><Value>30.0</Value></TotalBillingWeight><TotalBaseCharge><Currency>USD</Currency><Amount>268.43</Amount></TotalBaseCharge><TotalFreightDiscounts><Currency>USD</Currency><Amount>26.85</Amount></TotalFreightDiscounts><TotalNetFreight><Currency>USD</Currency><Amount>241.58</Amount></TotalNetFreight><TotalSurcharges><Currency>USD</Currency><Amount>17.51</Amount></TotalSurcharges><TotalNetFedExCharge><Currency>USD</Currency><Amount>259.09</Amount></TotalNetFedExCharge><TotalTaxes><Currency>USD</Currency><Amount>0.0</Amount></TotalTaxes><TotalNetCharge><Currency>USD</Currency><Amount>259.09</Amount></TotalNetCharge><TotalRebates><Currency>USD</Currency><Amount>0.0</Amount></TotalRebates><TotalDutiesAndTaxes><Currency>USD</Currency><Amount>0.0</Amount></TotalDutiesAndTaxes><TotalNetChargeWithDutiesAndTaxes><Currency>USD</Currency><Amount>259.09</Amount></TotalNetChargeWithDutiesAndTaxes><FreightDiscounts><RateDiscountType>BONUS</RateDiscountType><Description>Automation Bonus</Description><Amount><Currency>USD</Currency><Amount>26.85</Amount></Amount><Percent>10.0</Percent></FreightDiscounts><FreightDiscounts><RateDiscountType>EARNED</RateDiscountType><Description>Earned</Description><Amount><Currency>USD</Currency><Amount>0.0</Amount></Amount><Percent>0.0</Percent></FreightDiscounts><Surcharges><SurchargeType>FUEL</SurchargeType><Description>Fuel</Description><Amount><Currency>USD</Currency><Amount>17.51</Amount></Amount></Surcharges></ShipmentRateDetail></RatedShipmentDetails></RateReplyDetails><RateReplyDetails><ServiceType>STANDARD_OVERNIGHT</ServiceType><PackagingType>YOUR_PACKAGING</PackagingType><DeliveryStation>YNGA </DeliveryStation><DeliveryDayOfWeek>FRI</DeliveryDayOfWeek><DeliveryTimestamp>2019-12-13T15:00:00</DeliveryTimestamp><CommitDetails><ServiceType>STANDARD_OVERNIGHT</ServiceType><CommitTimestamp>2019-12-13T15:00:00</CommitTimestamp><DayOfWeek>FRI</DayOfWeek><DestinationServiceArea>A2</DestinationServiceArea><BrokerToDestinationDays>0</BrokerToDestinationDays><DocumentContent>NON_DOCUMENTS</DocumentContent></CommitDetails><DestinationAirportId>PIT</DestinationAirportId><IneligibleForMoneyBackGuarantee>false</IneligibleForMoneyBackGuarantee><OriginServiceArea>A1</OriginServiceArea><DestinationServiceArea>A2</DestinationServiceArea><SignatureOption>SERVICE_DEFAULT</SignatureOption><ActualRateType>PAYOR_ACCOUNT_PACKAGE</ActualRateType><RatedShipmentDetails><ShipmentRateDetail><RateType>PAYOR_ACCOUNT_PACKAGE</RateType><RateScale>1327</RateScale><RateZone>4</RateZone><PricingCode>PACKAGE</PricingCode><RatedWeightMethod>DIM</RatedWeightMethod><DimDivisor>0</DimDivisor><FuelSurchargePercent>7.25</FuelSurchargePercent><TotalBillingWeight><Units>LB</Units><Value>30.0</Value></TotalBillingWeight><TotalBaseCharge><Currency>USD</Currency><Amount>251.49</Amount></TotalBaseCharge><TotalFreightDiscounts><Currency>USD</Currency><Amount>25.15</Amount></TotalFreightDiscounts><TotalNetFreight><Currency>USD</Currency><Amount>226.34</Amount></TotalNetFreight><TotalSurcharges><Currency>USD</Currency><Amount>16.41</Amount></TotalSurcharges><TotalNetFedExCharge><Currency>USD</Currency><Amount>242.75</Amount></TotalNetFedExCharge><TotalTaxes><Currency>USD</Currency><Amount>0.0</Amount></TotalTaxes><TotalNetCharge><Currency>USD</Currency><Amount>242.75</Amount></TotalNetCharge><TotalRebates><Currency>USD</Currency><Amount>0.0</Amount></TotalRebates><TotalDutiesAndTaxes><Currency>USD</Currency><Amount>0.0</Amount></TotalDutiesAndTaxes><TotalNetChargeWithDutiesAndTaxes><Currency>USD</Currency><Amount>242.75</Amount></TotalNetChargeWithDutiesAndTaxes><FreightDiscounts><RateDiscountType>BONUS</RateDiscountType><Description>Automation Bonus</Description><Amount><Currency>USD</Currency><Amount>25.15</Amount></Amount><Percent>10.0</Percent></FreightDiscounts><FreightDiscounts><RateDiscountType>EARNED</RateDiscountType><Description>Earned</Description><Amount><Currency>USD</Currency><Amount>0.0</Amount></Amount><Percent>0.0</Percent></FreightDiscounts><Surcharges><SurchargeType>FUEL</SurchargeType><Description>Fuel</Description><Amount><Currency>USD</Currency><Amount>16.41</Amount></Amount></Surcharges></ShipmentRateDetail></RatedShipmentDetails><RatedShipmentDetails><ShipmentRateDetail><RateType>RATED_ACCOUNT_PACKAGE</RateType><RateScale>1327</RateScale><RateZone>4</RateZone><PricingCode>PACKAGE</PricingCode><RatedWeightMethod>DIM</RatedWeightMethod><DimDivisor>0</DimDivisor><FuelSurchargePercent>7.25</FuelSurchargePercent><TotalBillingWeight><Units>LB</Units><Value>30.0</Value></TotalBillingWeight><TotalBaseCharge><Currency>USD</Currency><Amount>251.49</Amount></TotalBaseCharge><TotalFreightDiscounts><Currency>USD</Currency><Amount>25.15</Amount></TotalFreightDiscounts><TotalNetFreight><Currency>USD</Currency><Amount>226.34</Amount></TotalNetFreight><TotalSurcharges><Currency>USD</Currency><Amount>16.41</Amount></TotalSurcharges><TotalNetFedExCharge><Currency>USD</Currency><Amount>242.75</Amount></TotalNetFedExCharge><TotalTaxes><Currency>USD</Currency><Amount>0.0</Amount></TotalTaxes><TotalNetCharge><Currency>USD</Currency><Amount>242.75</Amount></TotalNetCharge><TotalRebates><Currency>USD</Currency><Amount>0.0</Amount></TotalRebates><TotalDutiesAndTaxes><Currency>USD</Currency><Amount>0.0</Amount></TotalDutiesAndTaxes><TotalNetChargeWithDutiesAndTaxes><Currency>USD</Currency><Amount>242.75</Amount></TotalNetChargeWithDutiesAndTaxes><FreightDiscounts><RateDiscountType>BONUS</RateDiscountType><Description>Automation Bonus</Description><Amount><Currency>USD</Currency><Amount>25.15</Amount></Amount><Percent>10.0</Percent></FreightDiscounts><FreightDiscounts><RateDiscountType>EARNED</RateDiscountType><Description>Earned</Description><Amount><Currency>USD</Currency><Amount>0.0</Amount></Amount><Percent>0.0</Percent></FreightDiscounts><Surcharges><SurchargeType>FUEL</SurchargeType><Description>Fuel</Description><Amount><Currency>USD</Currency><Amount>16.41</Amount></Amount></Surcharges></ShipmentRateDetail></RatedShipmentDetails></RateReplyDetails><RateReplyDetails><ServiceType>FEDEX_2_DAY_AM</ServiceType><PackagingType>YOUR_PACKAGING</PackagingType><DeliveryStation>YNGA </DeliveryStation><DeliveryDayOfWeek>MON</DeliveryDayOfWeek><DeliveryTimestamp>2019-12-16T10:30:00</DeliveryTimestamp><CommitDetails><ServiceType>FEDEX_2_DAY_AM</ServiceType><CommitTimestamp>2019-12-16T10:30:00</CommitTimestamp><DayOfWeek>MON</DayOfWeek><DestinationServiceArea>A2</DestinationServiceArea><BrokerToDestinationDays>0</BrokerToDestinationDays><DocumentContent>NON_DOCUMENTS</DocumentContent></CommitDetails><DestinationAirportId>PIT</DestinationAirportId><IneligibleForMoneyBackGuarantee>false</IneligibleForMoneyBackGuarantee><OriginServiceArea>A1</OriginServiceArea><DestinationServiceArea>A2</DestinationServiceArea><SignatureOption>SERVICE_DEFAULT</SignatureOption><ActualRateType>PAYOR_ACCOUNT_PACKAGE</ActualRateType><RatedShipmentDetails><ShipmentRateDetail><RateType>PAYOR_ACCOUNT_PACKAGE</RateType><RateScale>8</RateScale><RateZone>4</RateZone><PricingCode>PACKAGE</PricingCode><RatedWeightMethod>DIM</RatedWeightMethod><DimDivisor>0</DimDivisor><FuelSurchargePercent>7.25</FuelSurchargePercent><TotalBillingWeight><Units>LB</Units><Value>30.0</Value></TotalBillingWeight><TotalBaseCharge><Currency>USD</Currency><Amount>107.28</Amount></TotalBaseCharge><TotalFreightDiscounts><Currency>USD</Currency><Amount>10.73</Amount></TotalFreightDiscounts><TotalNetFreight><Currency>USD</Currency><Amount>96.55</Amount></TotalNetFreight><TotalSurcharges><Currency>USD</Currency><Amount>7.0</Amount></TotalSurcharges><TotalNetFedExCharge><Currency>USD</Currency><Amount>103.55</Amount></TotalNetFedExCharge><TotalTaxes><Currency>USD</Currency><Amount>0.0</Amount></TotalTaxes><TotalNetCharge><Currency>USD</Currency><Amount>103.55</Amount></TotalNetCharge><TotalRebates><Currency>USD</Currency><Amount>0.0</Amount></TotalRebates><TotalDutiesAndTaxes><Currency>USD</Currency><Amount>0.0</Amount></TotalDutiesAndTaxes><TotalNetChargeWithDutiesAndTaxes><Currency>USD</Currency><Amount>103.55</Amount></TotalNetChargeWithDutiesAndTaxes><FreightDiscounts><RateDiscountType>BONUS</RateDiscountType><Description>Automation Bonus</Description><Amount><Currency>USD</Currency><Amount>10.73</Amount></Amount><Percent>10.0</Percent></FreightDiscounts><FreightDiscounts><RateDiscountType>EARNED</RateDiscountType><Description>Earned</Description><Amount><Currency>USD</Currency><Amount>0.0</Amount></Amount><Percent>0.0</Percent></FreightDiscounts><Surcharges><SurchargeType>FUEL</SurchargeType><Description>Fuel</Description><Amount><Currency>USD</Currency><Amount>7.0</Amount></Amount></Surcharges></ShipmentRateDetail></RatedShipmentDetails><RatedShipmentDetails><ShipmentRateDetail><RateType>RATED_ACCOUNT_PACKAGE</RateType><RateScale>8</RateScale><RateZone>4</RateZone><PricingCode>PACKAGE</PricingCode><RatedWeightMethod>DIM</RatedWeightMethod><DimDivisor>0</DimDivisor><FuelSurchargePercent>7.25</FuelSurchargePercent><TotalBillingWeight><Units>LB</Units><Value>30.0</Value></TotalBillingWeight><TotalBaseCharge><Currency>USD</Currency><Amount>107.28</Amount></TotalBaseCharge><TotalFreightDiscounts><Currency>USD</Currency><Amount>10.73</Amount></TotalFreightDiscounts><TotalNetFreight><Currency>USD</Currency><Amount>96.55</Amount></TotalNetFreight><TotalSurcharges><Currency>USD</Currency><Amount>7.0</Amount></TotalSurcharges><TotalNetFedExCharge><Currency>USD</Currency><Amount>103.55</Amount></TotalNetFedExCharge><TotalTaxes><Currency>USD</Currency><Amount>0.0</Amount></TotalTaxes><TotalNetCharge><Currency>USD</Currency><Amount>103.55</Amount></TotalNetCharge><TotalRebates><Currency>USD</Currency><Amount>0.0</Amount></TotalRebates><TotalDutiesAndTaxes><Currency>USD</Currency><Amount>0.0</Amount></TotalDutiesAndTaxes><TotalNetChargeWithDutiesAndTaxes><Currency>USD</Currency><Amount>103.55</Amount></TotalNetChargeWithDutiesAndTaxes><FreightDiscounts><RateDiscountType>BONUS</RateDiscountType><Description>Automation Bonus</Description><Amount><Currency>USD</Currency><Amount>10.73</Amount></Amount><Percent>10.0</Percent></FreightDiscounts><FreightDiscounts><RateDiscountType>EARNED</RateDiscountType><Description>Earned</Description><Amount><Currency>USD</Currency><Amount>0.0</Amount></Amount><Percent>0.0</Percent></FreightDiscounts><Surcharges><SurchargeType>FUEL</SurchargeType><Description>Fuel</Description><Amount><Currency>USD</Currency><Amount>7.0</Amount></Amount></Surcharges></ShipmentRateDetail></RatedShipmentDetails></RateReplyDetails><RateReplyDetails><ServiceType>FEDEX_2_DAY</ServiceType><PackagingType>YOUR_PACKAGING</PackagingType><DeliveryStation>YNGA </DeliveryStation><DeliveryDayOfWeek>MON</DeliveryDayOfWeek><DeliveryTimestamp>2019-12-16T16:30:00</DeliveryTimestamp><CommitDetails><ServiceType>FEDEX_2_DAY</ServiceType><CommitTimestamp>2019-12-16T16:30:00</CommitTimestamp><DayOfWeek>MON</DayOfWeek><DestinationServiceArea>A2</DestinationServiceArea><BrokerToDestinationDays>0</BrokerToDestinationDays><DocumentContent>NON_DOCUMENTS</DocumentContent></CommitDetails><DestinationAirportId>PIT</DestinationAirportId><IneligibleForMoneyBackGuarantee>false</IneligibleForMoneyBackGuarantee><OriginServiceArea>A1</OriginServiceArea><DestinationServiceArea>A2</DestinationServiceArea><SignatureOption>SERVICE_DEFAULT</SignatureOption><ActualRateType>PAYOR_ACCOUNT_PACKAGE</ActualRateType><RatedShipmentDetails><ShipmentRateDetail><RateType>PAYOR_ACCOUNT_PACKAGE</RateType><RateScale>6024</RateScale><RateZone>4</RateZone><PricingCode>PACKAGE</PricingCode><RatedWeightMethod>DIM</RatedWeightMethod><DimDivisor>0</DimDivisor><FuelSurchargePercent>7.25</FuelSurchargePercent><TotalBillingWeight><Units>LB</Units><Value>30.0</Value></TotalBillingWeight><TotalBaseCharge><Currency>USD</Currency><Amount>93.71</Amount></TotalBaseCharge><TotalFreightDiscounts><Currency>USD</Currency><Amount>9.37</Amount></TotalFreightDiscounts><TotalNetFreight><Currency>USD</Currency><Amount>84.34</Amount></TotalNetFreight><TotalSurcharges><Currency>USD</Currency><Amount>6.11</Amount></TotalSurcharges><TotalNetFedExCharge><Currency>USD</Currency><Amount>90.45</Amount></TotalNetFedExCharge><TotalTaxes><Currency>USD</Currency><Amount>0.0</Amount></TotalTaxes><TotalNetCharge><Currency>USD</Currency><Amount>90.45</Amount></TotalNetCharge><TotalRebates><Currency>USD</Currency><Amount>0.0</Amount></TotalRebates><TotalDutiesAndTaxes><Currency>USD</Currency><Amount>0.0</Amount></TotalDutiesAndTaxes><TotalNetChargeWithDutiesAndTaxes><Currency>USD</Currency><Amount>90.45</Amount></TotalNetChargeWithDutiesAndTaxes><FreightDiscounts><RateDiscountType>BONUS</RateDiscountType><Description>Automation Bonus</Description><Amount><Currency>USD</Currency><Amount>9.37</Amount></Amount><Percent>10.0</Percent></FreightDiscounts><FreightDiscounts><RateDiscountType>EARNED</RateDiscountType><Description>Earned</Description><Amount><Currency>USD</Currency><Amount>0.0</Amount></Amount><Percent>0.0</Percent></FreightDiscounts><Surcharges><SurchargeType>FUEL</SurchargeType><Description>Fuel</Description><Amount><Currency>USD</Currency><Amount>6.11</Amount></Amount></Surcharges></ShipmentRateDetail></RatedShipmentDetails><RatedShipmentDetails><ShipmentRateDetail><RateType>RATED_ACCOUNT_PACKAGE</RateType><RateScale>6024</RateScale><RateZone>4</RateZone><PricingCode>PACKAGE</PricingCode><RatedWeightMethod>DIM</RatedWeightMethod><DimDivisor>0</DimDivisor><FuelSurchargePercent>7.25</FuelSurchargePercent><TotalBillingWeight><Units>LB</Units><Value>30.0</Value></TotalBillingWeight><TotalBaseCharge><Currency>USD</Currency><Amount>93.71</Amount></TotalBaseCharge><TotalFreightDiscounts><Currency>USD</Currency><Amount>9.37</Amount></TotalFreightDiscounts><TotalNetFreight><Currency>USD</Currency><Amount>84.34</Amount></TotalNetFreight><TotalSurcharges><Currency>USD</Currency><Amount>6.11</Amount></TotalSurcharges><TotalNetFedExCharge><Currency>USD</Currency><Amount>90.45</Amount></TotalNetFedExCharge><TotalTaxes><Currency>USD</Currency><Amount>0.0</Amount></TotalTaxes><TotalNetCharge><Currency>USD</Currency><Amount>90.45</Amount></TotalNetCharge><TotalRebates><Currency>USD</Currency><Amount>0.0</Amount></TotalRebates><TotalDutiesAndTaxes><Currency>USD</Currency><Amount>0.0</Amount></TotalDutiesAndTaxes><TotalNetChargeWithDutiesAndTaxes><Currency>USD</Currency><Amount>90.45</Amount></TotalNetChargeWithDutiesAndTaxes><FreightDiscounts><RateDiscountType>BONUS</RateDiscountType><Description>Automation Bonus</Description><Amount><Currency>USD</Currency><Amount>9.37</Amount></Amount><Percent>10.0</Percent></FreightDiscounts><FreightDiscounts><RateDiscountType>EARNED</RateDiscountType><Description>Earned</Description><Amount><Currency>USD</Currency><Amount>0.0</Amount></Amount><Percent>0.0</Percent></FreightDiscounts><Surcharges><SurchargeType>FUEL</SurchargeType><Description>Fuel</Description><Amount><Currency>USD</Currency><Amount>6.11</Amount></Amount></Surcharges></ShipmentRateDetail></RatedShipmentDetails></RateReplyDetails><RateReplyDetails><ServiceType>FEDEX_EXPRESS_SAVER</ServiceType><PackagingType>YOUR_PACKAGING</PackagingType><DeliveryStation>YNGA </DeliveryStation><DeliveryDayOfWeek>TUE</DeliveryDayOfWeek><DeliveryTimestamp>2019-12-17T16:30:00</DeliveryTimestamp><CommitDetails><ServiceType>FEDEX_EXPRESS_SAVER</ServiceType><CommitTimestamp>2019-12-17T16:30:00</CommitTimestamp><DayOfWeek>TUE</DayOfWeek><DestinationServiceArea>A2</DestinationServiceArea><BrokerToDestinationDays>0</BrokerToDestinationDays><DocumentContent>NON_DOCUMENTS</DocumentContent></CommitDetails><DestinationAirportId>PIT</DestinationAirportId><IneligibleForMoneyBackGuarantee>false</IneligibleForMoneyBackGuarantee><OriginServiceArea>A1</OriginServiceArea><DestinationServiceArea>A2</DestinationServiceArea><SignatureOption>SERVICE_DEFAULT</SignatureOption><ActualRateType>PAYOR_ACCOUNT_PACKAGE</ActualRateType><RatedShipmentDetails><ShipmentRateDetail><RateType>PAYOR_ACCOUNT_PACKAGE</RateType><RateScale>7171</RateScale><RateZone>4</RateZone><PricingCode>PACKAGE</PricingCode><RatedWeightMethod>DIM</RatedWeightMethod><DimDivisor>0</DimDivisor><FuelSurchargePercent>7.25</FuelSurchargePercent><TotalBillingWeight><Units>LB</Units><Value>30.0</Value></TotalBillingWeight><TotalBaseCharge><Currency>USD</Currency><Amount>82.29</Amount></TotalBaseCharge><TotalFreightDiscounts><Currency>USD</Currency><Amount>8.23</Amount></TotalFreightDiscounts><TotalNetFreight><Currency>USD</Currency><Amount>74.06</Amount></TotalNetFreight><TotalSurcharges><Currency>USD</Currency><Amount>5.37</Amount></TotalSurcharges><TotalNetFedExCharge><Currency>USD</Currency><Amount>79.43</Amount></TotalNetFedExCharge><TotalTaxes><Currency>USD</Currency><Amount>0.0</Amount></TotalTaxes><TotalNetCharge><Currency>USD</Currency><Amount>79.43</Amount></TotalNetCharge><TotalRebates><Currency>USD</Currency><Amount>0.0</Amount></TotalRebates><TotalDutiesAndTaxes><Currency>USD</Currency><Amount>0.0</Amount></TotalDutiesAndTaxes><TotalNetChargeWithDutiesAndTaxes><Currency>USD</Currency><Amount>79.43</Amount></TotalNetChargeWithDutiesAndTaxes><FreightDiscounts><RateDiscountType>BONUS</RateDiscountType><Description>Automation Bonus</Description><Amount><Currency>USD</Currency><Amount>8.23</Amount></Amount><Percent>10.0</Percent></FreightDiscounts><FreightDiscounts><RateDiscountType>EARNED</RateDiscountType><Description>Earned</Description><Amount><Currency>USD</Currency><Amount>0.0</Amount></Amount><Percent>0.0</Percent></FreightDiscounts><Surcharges><SurchargeType>FUEL</SurchargeType><Description>Fuel</Description><Amount><Currency>USD</Currency><Amount>5.37</Amount></Amount></Surcharges></ShipmentRateDetail></RatedShipmentDetails><RatedShipmentDetails><ShipmentRateDetail><RateType>RATED_ACCOUNT_PACKAGE</RateType><RateScale>7171</RateScale><RateZone>4</RateZone><PricingCode>PACKAGE</PricingCode><RatedWeightMethod>DIM</RatedWeightMethod><DimDivisor>0</DimDivisor><FuelSurchargePercent>7.25</FuelSurchargePercent><TotalBillingWeight><Units>LB</Units><Value>30.0</Value></TotalBillingWeight><TotalBaseCharge><Currency>USD</Currency><Amount>82.29</Amount></TotalBaseCharge><TotalFreightDiscounts><Currency>USD</Currency><Amount>8.23</Amount></TotalFreightDiscounts><TotalNetFreight><Currency>USD</Currency><Amount>74.06</Amount></TotalNetFreight><TotalSurcharges><Currency>USD</Currency><Amount>5.37</Amount></TotalSurcharges><TotalNetFedExCharge><Currency>USD</Currency><Amount>79.43</Amount></TotalNetFedExCharge><TotalTaxes><Currency>USD</Currency><Amount>0.0</Amount></TotalTaxes><TotalNetCharge><Currency>USD</Currency><Amount>79.43</Amount></TotalNetCharge><TotalRebates><Currency>USD</Currency><Amount>0.0</Amount></TotalRebates><TotalDutiesAndTaxes><Currency>USD</Currency><Amount>0.0</Amount></TotalDutiesAndTaxes><TotalNetChargeWithDutiesAndTaxes><Currency>USD</Currency><Amount>79.43</Amount></TotalNetChargeWithDutiesAndTaxes><FreightDiscounts><RateDiscountType>BONUS</RateDiscountType><Description>Automation Bonus</Description><Amount><Currency>USD</Currency><Amount>8.23</Amount></Amount><Percent>10.0</Percent></FreightDiscounts><FreightDiscounts><RateDiscountType>EARNED</RateDiscountType><Description>Earned</Description><Amount><Currency>USD</Currency><Amount>0.0</Amount></Amount><Percent>0.0</Percent></FreightDiscounts><Surcharges><SurchargeType>FUEL</SurchargeType><Description>Fuel</Description><Amount><Currency>USD</Currency><Amount>5.37</Amount></Amount></Surcharges></ShipmentRateDetail></RatedShipmentDetails></RateReplyDetails><RateReplyDetails><ServiceType>FEDEX_GROUND</ServiceType><PackagingType>YOUR_PACKAGING</PackagingType><CommitDetails><ServiceType>FEDEX_GROUND</ServiceType><TransitTime>TWO_DAYS</TransitTime><BrokerToDestinationDays>0</BrokerToDestinationDays></CommitDetails><DestinationAirportId>PIT</DestinationAirportId><IneligibleForMoneyBackGuarantee>false</IneligibleForMoneyBackGuarantee><TransitTime>TWO_DAYS</TransitTime><SignatureOption>SERVICE_DEFAULT</SignatureOption><ActualRateType>PAYOR_ACCOUNT_PACKAGE</ActualRateType><RatedShipmentDetails><ShipmentRateDetail><RateType>PAYOR_ACCOUNT_PACKAGE</RateType><RateZone>4</RateZone><RatedWeightMethod>MIXED</RatedWeightMethod><DimDivisor>194</DimDivisor><FuelSurchargePercent>7.0</FuelSurchargePercent><TotalBillingWeight><Units>LB</Units><Value>22.0</Value></TotalBillingWeight><TotalBaseCharge><Currency>USD</Currency><Amount>25.21</Amount></TotalBaseCharge><TotalFreightDiscounts><Currency>USD</Currency><Amount>4.83</Amount></TotalFreightDiscounts><TotalNetFreight><Currency>USD</Currency><Amount>20.38</Amount></TotalNetFreight><TotalSurcharges><Currency>USD</Currency><Amount>1.42</Amount></TotalSurcharges><TotalNetFedExCharge><Currency>USD</Currency><Amount>21.8</Amount></TotalNetFedExCharge><TotalTaxes><Currency>USD</Currency><Amount>0.0</Amount></TotalTaxes><TotalNetCharge><Currency>USD</Currency><Amount>21.8</Amount></TotalNetCharge><TotalRebates><Currency>USD</Currency><Amount>0.0</Amount></TotalRebates><TotalDutiesAndTaxes><Currency>USD</Currency><Amount>0.0</Amount></TotalDutiesAndTaxes><TotalNetChargeWithDutiesAndTaxes><Currency>USD</Currency><Amount>21.8</Amount></TotalNetChargeWithDutiesAndTaxes><FreightDiscounts><RateDiscountType>VOLUME</RateDiscountType><Description>Matrix</Description><Amount><Currency>USD</Currency><Amount>4.83</Amount></Amount><Percent>0.0</Percent></FreightDiscounts><Surcharges><SurchargeType>FUEL</SurchargeType><Level>PACKAGE</Level><Description>FedEx Ground Fuel</Description><Amount><Currency>USD</Currency><Amount>1.42</Amount></Amount></Surcharges></ShipmentRateDetail><RatedPackages><GroupNumber>0</GroupNumber><PackageRateDetail><RateType>PAYOR_ACCOUNT_PACKAGE</RateType><RatedWeightMethod>ACTUAL</RatedWeightMethod><BillingWeight><Units>LB</Units><Value>2.0</Value></BillingWeight><BaseCharge><Currency>USD</Currency><Amount>10.15</Amount></BaseCharge><TotalFreightDiscounts><Currency>USD</Currency><Amount>1.52</Amount></TotalFreightDiscounts><NetFreight><Currency>USD</Currency><Amount>8.63</Amount></NetFreight><TotalSurcharges><Currency>USD</Currency><Amount>0.6</Amount></TotalSurcharges><NetFedExCharge><Currency>USD</Currency><Amount>9.23</Amount></NetFedExCharge><TotalTaxes><Currency>USD</Currency><Amount>0.0</Amount></TotalTaxes><NetCharge><Currency>USD</Currency><Amount>9.23</Amount></NetCharge><TotalRebates><Currency>USD</Currency><Amount>0.0</Amount></TotalRebates><FreightDiscounts><RateDiscountType>VOLUME</RateDiscountType><Description>Matrix</Description><Amount><Currency>USD</Currency><Amount>1.52</Amount></Amount><Percent>0.0</Percent></FreightDiscounts><Surcharges><SurchargeType>FUEL</SurchargeType><Level>PACKAGE</Level><Description>FedEx Ground Fuel</Description><Amount><Currency>USD</Currency><Amount>0.6</Amount></Amount></Surcharges></PackageRateDetail></RatedPackages><RatedPackages><GroupNumber>0</GroupNumber><PackageRateDetail><RateType>PAYOR_ACCOUNT_PACKAGE</RateType><RatedWeightMethod>DIM</RatedWeightMethod><BillingWeight><Units>LB</Units><Value>20.0</Value></BillingWeight><DimWeight><Units>LB</Units><Value>20.0</Value></DimWeight><BaseCharge><Currency>USD</Currency><Amount>15.06</Amount></BaseCharge><TotalFreightDiscounts><Currency>USD</Currency><Amount>3.31</Amount></TotalFreightDiscounts><NetFreight><Currency>USD</Currency><Amount>11.75</Amount></NetFreight><TotalSurcharges><Currency>USD</Currency><Amount>0.82</Amount></TotalSurcharges><NetFedExCharge><Currency>USD</Currency><Amount>12.57</Amount></NetFedExCharge><TotalTaxes><Currency>USD</Currency><Amount>0.0</Amount></TotalTaxes><NetCharge><Currency>USD</Currency><Amount>12.57</Amount></NetCharge><TotalRebates><Currency>USD</Currency><Amount>0.0</Amount></TotalRebates><FreightDiscounts><RateDiscountType>VOLUME</RateDiscountType><Description>Matrix</Description><Amount><Currency>USD</Currency><Amount>3.31</Amount></Amount><Percent>0.0</Percent></FreightDiscounts><Surcharges><SurchargeType>FUEL</SurchargeType><Level>PACKAGE</Level><Description>FedEx Ground Fuel</Description><Amount><Currency>USD</Currency><Amount>0.82</Amount></Amount></Surcharges></PackageRateDetail></RatedPackages></RatedShipmentDetails></RateReplyDetails></RateReply></SOAP-ENV:Body></SOAP-ENV:Envelope>
