Request: 
POST /swsim/swsimv62.asmx HTTP/1.1
Host: swsim.stamps.com
Connection: Keep-Alive
User-Agent: PHP-SOAP/5.5.12
Content-Type: text/xml; charset=utf-8
SOAPAction: "http://stamps.com/xml/namespace/2017/04/swsim/swsimv62/GetRates"
Content-Length: 1007


Request: 
<?xml version="1.0" encoding="UTF-8"?>
<SOAP-ENV:Envelope xmlns:SOAP-ENV="http://schemas.xmlsoap.org/soap/envelope/" xmlns:ns1="http://stamps.com/xml/namespace/2017/04/swsim/swsimv62"><SOAP-ENV:Body><ns1:GetRates><ns1:Authenticator>exp=1576262459&amp;uid=9040544&amp;cty=swsim&amp;ctk=wYtkG0juNTefPSXFsMCdoEqEPqs=&amp;iid=gse5lGOh8EWrKZCNzTX4nw==&amp;rsid=0&amp;irsid=1&amp;eac=2088717755&amp;eacx=297957375&amp;eac3=0&amp;rrsid=0&amp;raid=0&amp;resellerid=0&amp;pexp=0&amp;pl=&amp;ast=1&amp;ipaddr=207.172.210.9&amp;ace=1576179659&amp;appcapsx=fH9NuxHCd/8AAAAAAAAAAA==&amp;mac=m4EWv4UHMsMA8jWkKXp2dX4pK4g=</ns1:Authenticator><ns1:Rate><ns1:FromZIPCode>01702</ns1:FromZIPCode><ns1:ToZIPCode>44406</ns1:ToZIPCode><ns1:WeightLb>0</ns1:WeightLb><ns1:WeightOz>32</ns1:WeightOz><ns1:PackageType>Package</ns1:PackageType><ns1:Length>15</ns1:Length><ns1:Width>7</ns1:Width><ns1:Height>3</ns1:Height><ns1:ShipDate>2019-12-12</ns1:ShipDate><ns1:AddOns/></ns1:Rate></ns1:GetRates></SOAP-ENV:Body></SOAP-ENV:Envelope>

Response: 
HTTP/1.1 200 OK
Cache-Control: private, max-age=0
Content-Type: text/xml; charset=utf-8
Server: Microsoft-IIS/7.5
GID: 2eb562ba-fb82-4940-be1e-8b6273544423
X-AspNet-Version: 4.0.30319
X-Powered-By: ASP.NET
X-Frame-Options: SAMEORIGIN
X-Content-Type-Options: nosniff
X-Xss-Protection: 1;mode=block
Content-Security-Policy: frame-ancestors http://*.stamps.com https://*.stamps.com
Date: Thu, 12 Dec 2019 18:40:59 GMT
Connection: close
Content-Length: 25727

Response: 
<?xml version="1.0" encoding="utf-8"?><soap:Envelope xmlns:soap="http://schemas.xmlsoap.org/soap/envelope/" xmlns:xsi="http://www.w3.org/2001/XMLSchema-instance" xmlns:xsd="http://www.w3.org/2001/XMLSchema"><soap:Body><GetRatesResponse xmlns="http://stamps.com/xml/namespace/2017/04/swsim/swsimv62"><Authenticator>exp=1576262460&amp;uid=9040544&amp;cty=swsim&amp;ctk=3cAFd+w8eeWMsmNcEYgu99D7e/4=&amp;iid=gse5lGOh8EWrKZCNzTX4nw==&amp;rsid=0&amp;irsid=1&amp;eac=2088717755&amp;eacx=297957375&amp;eac3=0&amp;rrsid=0&amp;raid=0&amp;resellerid=0&amp;pexp=0&amp;pl=&amp;ast=1&amp;ipaddr=207.172.210.9&amp;ace=1576179659&amp;appcapsx=fH9NuxHCd/8AAAAAAAAAAA==&amp;mac=208P27/dXsznyovK3F7tvTWgdpM=</Authenticator><Rates><Rate><FromZIPCode>01702</FromZIPCode><ToZIPCode>44406</ToZIPCode><Amount>7.88</Amount><ServiceType>US-PM</ServiceType><DeliverDays>3</DeliverDays><WeightOz>32</WeightOz><PackageType>Package</PackageType><Length>15</Length><Width>7</Width><Height>3</Height><ShipDate>2019-12-12</ShipDate><DeliveryDate>2019-12-16</DeliveryDate><InsuredValue>50</InsuredValue><DimWeighting>N</DimWeighting><AddOns><AddOnV9><AddOnType>US-A-INS</AddOnType><ProhibitedWithAnyOf><AddOnTypeV9>US-A-REG</AddOnTypeV9><AddOnTypeV9>US-A-CM</AddOnTypeV9><AddOnTypeV9>US-A-COD</AddOnTypeV9><AddOnTypeV9>SC-A-INS</AddOnTypeV9></ProhibitedWithAnyOf></AddOnV9><AddOnV9><AddOnType>US-A-COD</AddOnType><ProhibitedWithAnyOf><AddOnTypeV9>US-A-RRM</AddOnTypeV9><AddOnTypeV9>US-A-INS</AddOnTypeV9><AddOnTypeV9>US-A-CM</AddOnTypeV9><AddOnTypeV9>US-A-HFPU</AddOnTypeV9></ProhibitedWithAnyOf><MissingData>CODValue</MissingData></AddOnV9><AddOnV9><AddOnType>US-A-DC</AddOnType><ProhibitedWithAnyOf><AddOnTypeV9>US-A-SC</AddOnTypeV9><AddOnTypeV9>US-A-CM</AddOnTypeV9><AddOnTypeV9>US-A-ASR</AddOnTypeV9><AddOnTypeV9>US-A-ASRD</AddOnTypeV9></ProhibitedWithAnyOf></AddOnV9><AddOnV9><Amount>2.6</Amount><AddOnType>US-A-SC</AddOnType><ProhibitedWithAnyOf><AddOnTypeV9>US-A-DC</AddOnTypeV9><AddOnTypeV9>US-A-CM</AddOnTypeV9><AddOnTypeV9>US-A-RRM</AddOnTypeV9><AddOnTypeV9>US-A-ASR</AddOnTypeV9><AddOnTypeV9>US-A-ASRD</AddOnTypeV9></ProhibitedWithAnyOf></AddOnV9><AddOnV9><Amount>3.5</Amount><AddOnType>US-A-CM</AddOnType><ProhibitedWithAnyOf><AddOnTypeV9>US-A-RRM</AddOnTypeV9><AddOnTypeV9>US-A-REG</AddOnTypeV9><AddOnTypeV9>US-A-DC</AddOnTypeV9><AddOnTypeV9>US-A-COD</AddOnTypeV9><AddOnTypeV9>US-A-SC</AddOnTypeV9><AddOnTypeV9>US-A-INS</AddOnTypeV9><AddOnTypeV9>US-A-SH</AddOnTypeV9></ProhibitedWithAnyOf></AddOnV9><AddOnV9><Amount>2.8</Amount><AddOnType>US-A-RR</AddOnType><RequiresAllOf><RequiresOneOf><AddOnTypeV9>US-A-COD</AddOnTypeV9><AddOnTypeV9>US-A-REG</AddOnTypeV9><AddOnTypeV9>US-A-CM</AddOnTypeV9><AddOnTypeV9>US-A-INS</AddOnTypeV9><AddOnTypeV9>US-A-ASR</AddOnTypeV9><AddOnTypeV9>US-A-ASRD</AddOnTypeV9><AddOnTypeV9>US-A-SC</AddOnTypeV9></RequiresOneOf></RequiresAllOf><ProhibitedWithAnyOf><AddOnTypeV9>US-A-RRM</AddOnTypeV9></ProhibitedWithAnyOf></AddOnV9><AddOnV9><Amount>12.4</Amount><AddOnType>US-A-REG</AddOnType><ProhibitedWithAnyOf><AddOnTypeV9>US-A-CM</AddOnTypeV9><AddOnTypeV9>US-A-INS</AddOnTypeV9><AddOnTypeV9>US-A-RRM</AddOnTypeV9><AddOnTypeV9>SC-A-INS</AddOnTypeV9><AddOnTypeV9>US-A-SH</AddOnTypeV9></ProhibitedWithAnyOf></AddOnV9><AddOnV9><Amount>5.3</Amount><AddOnType>US-A-RD</AddOnType><RequiresAllOf><RequiresOneOf><AddOnTypeV9>US-A-COD</AddOnTypeV9><AddOnTypeV9>US-A-REG</AddOnTypeV9><AddOnTypeV9>US-A-CM</AddOnTypeV9><AddOnTypeV9>US-A-INS</AddOnTypeV9><AddOnTypeV9>US-A-SC</AddOnTypeV9></RequiresOneOf></RequiresAllOf><ProhibitedWithAnyOf><AddOnTypeV9>US-A-RRM</AddOnTypeV9><AddOnTypeV9>US-A-SH</AddOnTypeV9></ProhibitedWithAnyOf></AddOnV9><AddOnV9><Amount>1.98</Amount><AddOnType>SC-A-INS</AddOnType><ProhibitedWithAnyOf><AddOnTypeV9>US-A-REG</AddOnTypeV9><AddOnTypeV9>US-A-INS</AddOnTypeV9></ProhibitedWithAnyOf></AddOnV9><AddOnV9><AddOnType>SC-A-HP</AddOnType><ProhibitedWithAnyOf /></AddOnV9><AddOnV9><AddOnType>US-A-NND</AddOnType><RequiresAllOf><RequiresOneOf><AddOnTypeV9>US-A-COD</AddOnTypeV9></RequiresOneOf></RequiresAllOf></AddOnV9><AddOnV9><Amount>4.3</Amount><AddOnType>US-A-RRM</AddOnType><ProhibitedWithAnyOf><AddOnTypeV9>US-A-REG</AddOnTypeV9><AddOnTypeV9>US-A-RD</AddOnTypeV9><AddOnTypeV9>US-A-COD</AddOnTypeV9><AddOnTypeV9>US-A-SC</AddOnTypeV9><AddOnTypeV9>US-A-CM</AddOnTypeV9><AddOnTypeV9>US-A-RR</AddOnTypeV9></ProhibitedWithAnyOf></AddOnV9><AddOnV9><Amount>1.6</Amount><AddOnType>US-A-RRE</AddOnType><RequiresAllOf><RequiresOneOf><AddOnTypeV9>US-A-CM</AddOnTypeV9><AddOnTypeV9>US-A-COD</AddOnTypeV9><AddOnTypeV9>US-A-REG</AddOnTypeV9><AddOnTypeV9>US-A-INS</AddOnTypeV9></RequiresOneOf></RequiresAllOf><ProhibitedWithAnyOf><AddOnTypeV9>US-A-DC</AddOnTypeV9><AddOnTypeV9>US-A-SC</AddOnTypeV9><AddOnTypeV9>US-A-COM</AddOnTypeV9><AddOnTypeV9>US-A-RRM</AddOnTypeV9><AddOnTypeV9>US-A-SH</AddOnTypeV9><AddOnTypeV9>SC-A-INSRM</AddOnTypeV9><AddOnTypeV9>US-A-NND</AddOnTypeV9></ProhibitedWithAnyOf></AddOnV9><AddOnV9><Amount>6.4</Amount><AddOnType>US-A-ASR</AddOnType><ProhibitedWithAnyOf><AddOnTypeV9>US-A-ASRD</AddOnTypeV9><AddOnTypeV9>US-A-DC</AddOnTypeV9><AddOnTypeV9>US-A-SC</AddOnTypeV9></ProhibitedWithAnyOf></AddOnV9><AddOnV9><Amount>6.66</Amount><AddOnType>US-A-ASRD</AddOnType><ProhibitedWithAnyOf><AddOnTypeV9>US-A-ASR</AddOnTypeV9><AddOnTypeV9>US-A-DC</AddOnTypeV9><AddOnTypeV9>US-A-SC</AddOnTypeV9></ProhibitedWithAnyOf></AddOnV9><AddOnV9><AddOnType>US-A-HM</AddOnType><ProhibitedWithAnyOf><AddOnTypeV9>US-A-CR</AddOnTypeV9><AddOnTypeV9>US-A-LANS</AddOnTypeV9><AddOnTypeV9>US-A-LAWS</AddOnTypeV9></ProhibitedWithAnyOf></AddOnV9><AddOnV9><AddOnType>US-A-LANS</AddOnType><ProhibitedWithAnyOf><AddOnTypeV9>US-A-CR</AddOnTypeV9><AddOnTypeV9>US-A-HM</AddOnTypeV9><AddOnTypeV9>US-A-LAWS</AddOnTypeV9></ProhibitedWithAnyOf></AddOnV9><AddOnV9><Amount>0.4</Amount><AddOnType>US-A-LAWS</AddOnType><ProhibitedWithAnyOf><AddOnTypeV9>US-A-CR</AddOnTypeV9><AddOnTypeV9>US-A-HM</AddOnTypeV9><AddOnTypeV9>US-A-LANS</AddOnTypeV9></ProhibitedWithAnyOf></AddOnV9><AddOnV9><Amount>10.95</Amount><AddOnType>US-A-SH</AddOnType><ProhibitedWithAnyOf><AddOnTypeV9>US-A-COM</AddOnTypeV9><AddOnTypeV9>US-A-CM</AddOnTypeV9><AddOnTypeV9>US-A-REG</AddOnTypeV9><AddOnTypeV9>US-A-RD</AddOnTypeV9><AddOnTypeV9>US-A-RRE</AddOnTypeV9></ProhibitedWithAnyOf></AddOnV9><AddOnV9><AddOnType>US-A-PR</AddOnType></AddOnV9><AddOnV9><AddOnType>US-A-HFPU</AddOnType><ProhibitedWithAnyOf><AddOnTypeV9>US-A-COD</AddOnTypeV9></ProhibitedWithAnyOf></AddOnV9></AddOns><EffectiveWeightInOunces>32</EffectiveWeightInOunces><Zone>4</Zone><RateCategory>1000</RateCategory><ToState>OH</ToState></Rate><Rate><FromZIPCode>01702</FromZIPCode><ToZIPCode>44406</ToZIPCode><Amount>31.3</Amount><ServiceType>US-XM</ServiceType><DeliverDays>1-2</DeliverDays><WeightOz>32</WeightOz><PackageType>Package</PackageType><Length>15</Length><Width>7</Width><Height>3</Height><ShipDate>2019-12-12</ShipDate><InsuredValue>100</InsuredValue><DimWeighting>N</DimWeighting><AddOns><AddOnV9><AddOnType>US-A-INS</AddOnType><ProhibitedWithAnyOf><AddOnTypeV9>US-A-REG</AddOnTypeV9><AddOnTypeV9>US-A-CM</AddOnTypeV9><AddOnTypeV9>US-A-COD</AddOnTypeV9><AddOnTypeV9>SC-A-INS</AddOnTypeV9></ProhibitedWithAnyOf></AddOnV9><AddOnV9><AddOnType>US-A-COD</AddOnType><ProhibitedWithAnyOf><AddOnTypeV9>US-A-RRM</AddOnTypeV9><AddOnTypeV9>US-A-INS</AddOnTypeV9><AddOnTypeV9>US-A-CM</AddOnTypeV9><AddOnTypeV9>US-A-HFPU</AddOnTypeV9></ProhibitedWithAnyOf><MissingData>CODValue</MissingData></AddOnV9><AddOnV9><Amount>2.8</Amount><AddOnType>US-A-RR</AddOnType><ProhibitedWithAnyOf><AddOnTypeV9>US-A-RRM</AddOnTypeV9></ProhibitedWithAnyOf></AddOnV9><AddOnV9><AddOnType>US-A-DC</AddOnType><ProhibitedWithAnyOf><AddOnTypeV9>US-A-SC</AddOnTypeV9><AddOnTypeV9>US-A-CM</AddOnTypeV9><AddOnTypeV9>US-A-ASR</AddOnTypeV9><AddOnTypeV9>US-A-ASRD</AddOnTypeV9><AddOnTypeV9>US-A-SR</AddOnTypeV9></ProhibitedWithAnyOf></AddOnV9><AddOnV9><Amount>2.52</Amount><AddOnType>SC-A-INS</AddOnType><ProhibitedWithAnyOf><AddOnTypeV9>US-A-REG</AddOnTypeV9><AddOnTypeV9>US-A-INS</AddOnTypeV9></ProhibitedWithAnyOf></AddOnV9><AddOnV9><AddOnType>SC-A-HP</AddOnType><ProhibitedWithAnyOf /></AddOnV9><AddOnV9><AddOnType>US-A-NND</AddOnType><RequiresAllOf><RequiresOneOf><AddOnTypeV9>US-A-COD</AddOnTypeV9></RequiresOneOf></RequiresAllOf></AddOnV9><AddOnV9><AddOnType>US-A-SR</AddOnType><ProhibitedWithAnyOf><AddOnTypeV9>US-A-DC</AddOnTypeV9></ProhibitedWithAnyOf></AddOnV9><AddOnV9><AddOnType>US-A-NDW</AddOnType></AddOnV9><AddOnV9><Amount>6.4</Amount><AddOnType>US-A-ASR</AddOnType><ProhibitedWithAnyOf><AddOnTypeV9>US-A-ASRD</AddOnTypeV9><AddOnTypeV9>US-A-DC</AddOnTypeV9><AddOnTypeV9>US-A-SC</AddOnTypeV9><AddOnTypeV9>US-A-CM</AddOnTypeV9></ProhibitedWithAnyOf></AddOnV9><AddOnV9><Amount>6.66</Amount><AddOnType>US-A-ASRD</AddOnType><ProhibitedWithAnyOf><AddOnTypeV9>US-A-ASR</AddOnTypeV9><AddOnTypeV9>US-A-DC</AddOnTypeV9><AddOnTypeV9>US-A-SC</AddOnTypeV9></ProhibitedWithAnyOf></AddOnV9><AddOnV9><AddOnType>US-A-CR</AddOnType><ProhibitedWithAnyOf><AddOnTypeV9>US-A-HM</AddOnTypeV9><AddOnTypeV9>US-A-LANS</AddOnTypeV9><AddOnTypeV9>US-A-LAWS</AddOnTypeV9></ProhibitedWithAnyOf></AddOnV9><AddOnV9><AddOnType>US-A-HM</AddOnType><ProhibitedWithAnyOf><AddOnTypeV9>US-A-CR</AddOnTypeV9><AddOnTypeV9>US-A-LANS</AddOnTypeV9><AddOnTypeV9>US-A-LAWS</AddOnTypeV9></ProhibitedWithAnyOf></AddOnV9><AddOnV9><AddOnType>US-A-LANS</AddOnType><ProhibitedWithAnyOf><AddOnTypeV9>US-A-CR</AddOnTypeV9><AddOnTypeV9>US-A-HM</AddOnTypeV9><AddOnTypeV9>US-A-LAWS</AddOnTypeV9></ProhibitedWithAnyOf></AddOnV9><AddOnV9><Amount>0.4</Amount><AddOnType>US-A-LAWS</AddOnType><ProhibitedWithAnyOf><AddOnTypeV9>US-A-CR</AddOnTypeV9><AddOnTypeV9>US-A-HM</AddOnTypeV9><AddOnTypeV9>US-A-LANS</AddOnTypeV9></ProhibitedWithAnyOf></AddOnV9><AddOnV9><Amount>10.95</Amount><AddOnType>US-A-SH</AddOnType><ProhibitedWithAnyOf><AddOnTypeV9>US-A-COM</AddOnTypeV9><AddOnTypeV9>US-A-CM</AddOnTypeV9><AddOnTypeV9>US-A-REG</AddOnTypeV9><AddOnTypeV9>US-A-RD</AddOnTypeV9><AddOnTypeV9>US-A-RRE</AddOnTypeV9></ProhibitedWithAnyOf></AddOnV9><AddOnV9><AddOnType>US-A-PR</AddOnType></AddOnV9><AddOnV9><AddOnType>US-A-HFPU</AddOnType><ProhibitedWithAnyOf><AddOnTypeV9>US-A-COD</AddOnTypeV9></ProhibitedWithAnyOf></AddOnV9></AddOns><EffectiveWeightInOunces>32</EffectiveWeightInOunces><Zone>4</Zone><RateCategory>1000</RateCategory><ToState>OH</ToState></Rate><Rate><FromZIPCode>01702</FromZIPCode><ToZIPCode>44406</ToZIPCode><Amount>3.27</Amount><ServiceType>US-MM</ServiceType><DeliverDays>5</DeliverDays><WeightOz>32</WeightOz><PackageType>Package</PackageType><Length>15</Length><Width>7</Width><Height>3</Height><ShipDate>2019-12-12</ShipDate><DeliveryDate>2019-12-18</DeliveryDate><AddOns><AddOnV9><AddOnType>US-A-INS</AddOnType><ProhibitedWithAnyOf><AddOnTypeV9>US-A-REG</AddOnTypeV9><AddOnTypeV9>US-A-CM</AddOnTypeV9><AddOnTypeV9>US-A-COD</AddOnTypeV9><AddOnTypeV9>SC-A-INS</AddOnTypeV9></ProhibitedWithAnyOf><MissingData>InsuredValue</MissingData></AddOnV9><AddOnV9><AddOnType>US-A-COD</AddOnType><ProhibitedWithAnyOf><AddOnTypeV9>US-A-RRM</AddOnTypeV9><AddOnTypeV9>US-A-INS</AddOnTypeV9><AddOnTypeV9>US-A-CM</AddOnTypeV9><AddOnTypeV9>US-A-HFPU</AddOnTypeV9></ProhibitedWithAnyOf><MissingData>CODValue</MissingData></AddOnV9><AddOnV9><AddOnType>US-A-DC</AddOnType><ProhibitedWithAnyOf><AddOnTypeV9>US-A-SC</AddOnTypeV9><AddOnTypeV9>US-A-CM</AddOnTypeV9><AddOnTypeV9>US-A-ASR</AddOnTypeV9><AddOnTypeV9>US-A-ASRD</AddOnTypeV9></ProhibitedWithAnyOf></AddOnV9><AddOnV9><Amount>2.6</Amount><AddOnType>US-A-SC</AddOnType><ProhibitedWithAnyOf><AddOnTypeV9>US-A-DC</AddOnTypeV9><AddOnTypeV9>US-A-CM</AddOnTypeV9><AddOnTypeV9>US-A-RRM</AddOnTypeV9><AddOnTypeV9>US-A-ASR</AddOnTypeV9><AddOnTypeV9>US-A-ASRD</AddOnTypeV9></ProhibitedWithAnyOf></AddOnV9><AddOnV9><Amount>2.8</Amount><AddOnType>US-A-RR</AddOnType><RequiresAllOf><RequiresOneOf><AddOnTypeV9>US-A-COD</AddOnTypeV9><AddOnTypeV9>US-A-REG</AddOnTypeV9><AddOnTypeV9>US-A-CM</AddOnTypeV9><AddOnTypeV9>US-A-INS</AddOnTypeV9><AddOnTypeV9>US-A-ASR</AddOnTypeV9><AddOnTypeV9>US-A-ASRD</AddOnTypeV9><AddOnTypeV9>US-A-SC</AddOnTypeV9></RequiresOneOf></RequiresAllOf><ProhibitedWithAnyOf><AddOnTypeV9>US-A-RRM</AddOnTypeV9></ProhibitedWithAnyOf></AddOnV9><AddOnV9><Amount>5.3</Amount><AddOnType>US-A-RD</AddOnType><RequiresAllOf><RequiresOneOf><AddOnTypeV9>US-A-COD</AddOnTypeV9><AddOnTypeV9>US-A-REG</AddOnTypeV9><AddOnTypeV9>US-A-CM</AddOnTypeV9><AddOnTypeV9>US-A-INS</AddOnTypeV9><AddOnTypeV9>US-A-SC</AddOnTypeV9></RequiresOneOf></RequiresAllOf><ProhibitedWithAnyOf><AddOnTypeV9>US-A-RRM</AddOnTypeV9><AddOnTypeV9>US-A-SH</AddOnTypeV9></ProhibitedWithAnyOf></AddOnV9><AddOnV9><AddOnType>SC-A-INS</AddOnType><ProhibitedWithAnyOf><AddOnTypeV9>US-A-REG</AddOnTypeV9><AddOnTypeV9>US-A-INS</AddOnTypeV9></ProhibitedWithAnyOf><MissingData>InsuredValue</MissingData></AddOnV9><AddOnV9><AddOnType>SC-A-HP</AddOnType><ProhibitedWithAnyOf /></AddOnV9><AddOnV9><AddOnType>US-A-NND</AddOnType><RequiresAllOf><RequiresOneOf><AddOnTypeV9>US-A-COD</AddOnTypeV9></RequiresOneOf></RequiresAllOf></AddOnV9><AddOnV9><Amount>4.3</Amount><AddOnType>US-A-RRM</AddOnType><ProhibitedWithAnyOf><AddOnTypeV9>US-A-REG</AddOnTypeV9><AddOnTypeV9>US-A-RD</AddOnTypeV9><AddOnTypeV9>US-A-COD</AddOnTypeV9><AddOnTypeV9>US-A-SC</AddOnTypeV9><AddOnTypeV9>US-A-CM</AddOnTypeV9><AddOnTypeV9>US-A-RR</AddOnTypeV9></ProhibitedWithAnyOf></AddOnV9><AddOnV9><Amount>1.6</Amount><AddOnType>US-A-RRE</AddOnType><RequiresAllOf><RequiresOneOf><AddOnTypeV9>US-A-CM</AddOnTypeV9><AddOnTypeV9>US-A-COD</AddOnTypeV9><AddOnTypeV9>US-A-REG</AddOnTypeV9><AddOnTypeV9>US-A-INS</AddOnTypeV9></RequiresOneOf></RequiresAllOf><ProhibitedWithAnyOf><AddOnTypeV9>US-A-DC</AddOnTypeV9><AddOnTypeV9>US-A-SC</AddOnTypeV9><AddOnTypeV9>US-A-COM</AddOnTypeV9><AddOnTypeV9>US-A-RRM</AddOnTypeV9><AddOnTypeV9>US-A-SH</AddOnTypeV9><AddOnTypeV9>SC-A-INSRM</AddOnTypeV9><AddOnTypeV9>US-A-NND</AddOnTypeV9></ProhibitedWithAnyOf></AddOnV9><AddOnV9><AddOnType>US-A-HM</AddOnType><RequiresAllOf><RequiresOneOf><AddOnTypeV9>US-A-DC</AddOnTypeV9><AddOnTypeV9>US-A-SC</AddOnTypeV9></RequiresOneOf></RequiresAllOf><ProhibitedWithAnyOf><AddOnTypeV9>US-A-CR</AddOnTypeV9><AddOnTypeV9>US-A-LANS</AddOnTypeV9><AddOnTypeV9>US-A-LAWS</AddOnTypeV9></ProhibitedWithAnyOf></AddOnV9><AddOnV9><AddOnType>US-A-LANS</AddOnType><RequiresAllOf><RequiresOneOf><AddOnTypeV9>US-A-DC</AddOnTypeV9><AddOnTypeV9>US-A-SC</AddOnTypeV9></RequiresOneOf></RequiresAllOf><ProhibitedWithAnyOf><AddOnTypeV9>US-A-CR</AddOnTypeV9><AddOnTypeV9>US-A-HM</AddOnTypeV9><AddOnTypeV9>US-A-LAWS</AddOnTypeV9></ProhibitedWithAnyOf></AddOnV9><AddOnV9><Amount>0.4</Amount><AddOnType>US-A-LAWS</AddOnType><RequiresAllOf><RequiresOneOf><AddOnTypeV9>US-A-DC</AddOnTypeV9><AddOnTypeV9>US-A-SC</AddOnTypeV9></RequiresOneOf></RequiresAllOf><ProhibitedWithAnyOf><AddOnTypeV9>US-A-CR</AddOnTypeV9><AddOnTypeV9>US-A-HM</AddOnTypeV9><AddOnTypeV9>US-A-LANS</AddOnTypeV9></ProhibitedWithAnyOf></AddOnV9><AddOnV9><Amount>10.95</Amount><AddOnType>US-A-SH</AddOnType><RequiresAllOf><RequiresOneOf><AddOnTypeV9>US-A-DC</AddOnTypeV9><AddOnTypeV9>US-A-SC</AddOnTypeV9></RequiresOneOf></RequiresAllOf><ProhibitedWithAnyOf><AddOnTypeV9>US-A-COM</AddOnTypeV9><AddOnTypeV9>US-A-CM</AddOnTypeV9><AddOnTypeV9>US-A-REG</AddOnTypeV9><AddOnTypeV9>US-A-RD</AddOnTypeV9><AddOnTypeV9>US-A-RRE</AddOnTypeV9></ProhibitedWithAnyOf></AddOnV9></AddOns><EffectiveWeightInOunces>32</EffectiveWeightInOunces><Zone>4</Zone><RateCategory>1000</RateCategory><ToState>OH</ToState></Rate><Rate><FromZIPCode>01702</FromZIPCode><ToZIPCode>44406</ToZIPCode><Amount>7.78</Amount><ServiceType>US-PS</ServiceType><DeliverDays>5</DeliverDays><WeightOz>32</WeightOz><PackageType>Package</PackageType><Length>15</Length><Width>7</Width><Height>3</Height><ShipDate>2019-12-12</ShipDate><DeliveryDate>2019-12-18</DeliveryDate><DimWeighting>N</DimWeighting><AddOns><AddOnV9><Amount>6.4</Amount><AddOnType>US-A-ASR</AddOnType><ProhibitedWithAnyOf><AddOnTypeV9>US-A-ASRD</AddOnTypeV9><AddOnTypeV9>US-A-DC</AddOnTypeV9><AddOnTypeV9>US-A-SC</AddOnTypeV9><AddOnTypeV9>US-A-CM</AddOnTypeV9></ProhibitedWithAnyOf></AddOnV9><AddOnV9><Amount>6.66</Amount><AddOnType>US-A-ASRD</AddOnType><ProhibitedWithAnyOf><AddOnTypeV9>US-A-ASR</AddOnTypeV9><AddOnTypeV9>US-A-DC</AddOnTypeV9><AddOnTypeV9>US-A-SC</AddOnTypeV9></ProhibitedWithAnyOf></AddOnV9><AddOnV9><AddOnType>US-A-INS</AddOnType><ProhibitedWithAnyOf><AddOnTypeV9>US-A-REG</AddOnTypeV9><AddOnTypeV9>US-A-CM</AddOnTypeV9><AddOnTypeV9>US-A-COD</AddOnTypeV9><AddOnTypeV9>SC-A-INS</AddOnTypeV9></ProhibitedWithAnyOf><MissingData>InsuredValue</MissingData></AddOnV9><AddOnV9><AddOnType>US-A-COD</AddOnType><ProhibitedWithAnyOf><AddOnTypeV9>US-A-RRM</AddOnTypeV9><AddOnTypeV9>US-A-INS</AddOnTypeV9><AddOnTypeV9>US-A-CM</AddOnTypeV9><AddOnTypeV9>US-A-HFPU</AddOnTypeV9></ProhibitedWithAnyOf><MissingData>CODValue</MissingData></AddOnV9><AddOnV9><AddOnType>US-A-DC</AddOnType><ProhibitedWithAnyOf><AddOnTypeV9>US-A-SC</AddOnTypeV9><AddOnTypeV9>US-A-CM</AddOnTypeV9><AddOnTypeV9>US-A-ASR</AddOnTypeV9><AddOnTypeV9>US-A-ASRD</AddOnTypeV9></ProhibitedWithAnyOf></AddOnV9><AddOnV9><Amount>2.6</Amount><AddOnType>US-A-SC</AddOnType><ProhibitedWithAnyOf><AddOnTypeV9>US-A-DC</AddOnTypeV9><AddOnTypeV9>US-A-CM</AddOnTypeV9><AddOnTypeV9>US-A-RRM</AddOnTypeV9><AddOnTypeV9>US-A-ASR</AddOnTypeV9><AddOnTypeV9>US-A-ASRD</AddOnTypeV9></ProhibitedWithAnyOf></AddOnV9><AddOnV9><Amount>2.8</Amount><AddOnType>US-A-RR</AddOnType><RequiresAllOf><RequiresOneOf><AddOnTypeV9>US-A-COD</AddOnTypeV9><AddOnTypeV9>US-A-REG</AddOnTypeV9><AddOnTypeV9>US-A-CM</AddOnTypeV9><AddOnTypeV9>US-A-INS</AddOnTypeV9><AddOnTypeV9>US-A-ASR</AddOnTypeV9><AddOnTypeV9>US-A-ASRD</AddOnTypeV9><AddOnTypeV9>US-A-SC</AddOnTypeV9></RequiresOneOf></RequiresAllOf><ProhibitedWithAnyOf><AddOnTypeV9>US-A-RRM</AddOnTypeV9></ProhibitedWithAnyOf></AddOnV9><AddOnV9><Amount>5.3</Amount><AddOnType>US-A-RD</AddOnType><RequiresAllOf><RequiresOneOf><AddOnTypeV9>US-A-COD</AddOnTypeV9><AddOnTypeV9>US-A-REG</AddOnTypeV9><AddOnTypeV9>US-A-CM</AddOnTypeV9><AddOnTypeV9>US-A-INS</AddOnTypeV9><AddOnTypeV9>US-A-SC</AddOnTypeV9></RequiresOneOf></RequiresAllOf><ProhibitedWithAnyOf><AddOnTypeV9>US-A-RRM</AddOnTypeV9><AddOnTypeV9>US-A-SH</AddOnTypeV9></ProhibitedWithAnyOf></AddOnV9><AddOnV9><AddOnType>SC-A-INS</AddOnType><ProhibitedWithAnyOf><AddOnTypeV9>US-A-REG</AddOnTypeV9><AddOnTypeV9>US-A-INS</AddOnTypeV9></ProhibitedWithAnyOf><MissingData>InsuredValue</MissingData></AddOnV9><AddOnV9><AddOnType>SC-A-HP</AddOnType><ProhibitedWithAnyOf /></AddOnV9><AddOnV9><AddOnType>US-A-NND</AddOnType><RequiresAllOf><RequiresOneOf><AddOnTypeV9>US-A-COD</AddOnTypeV9></RequiresOneOf></RequiresAllOf></AddOnV9><AddOnV9><Amount>4.3</Amount><AddOnType>US-A-RRM</AddOnType><ProhibitedWithAnyOf><AddOnTypeV9>US-A-REG</AddOnTypeV9><AddOnTypeV9>US-A-RD</AddOnTypeV9><AddOnTypeV9>US-A-COD</AddOnTypeV9><AddOnTypeV9>US-A-SC</AddOnTypeV9><AddOnTypeV9>US-A-CM</AddOnTypeV9><AddOnTypeV9>US-A-RR</AddOnTypeV9></ProhibitedWithAnyOf></AddOnV9><AddOnV9><Amount>1.6</Amount><AddOnType>US-A-RRE</AddOnType><RequiresAllOf><RequiresOneOf><AddOnTypeV9>US-A-CM</AddOnTypeV9><AddOnTypeV9>US-A-COD</AddOnTypeV9><AddOnTypeV9>US-A-REG</AddOnTypeV9><AddOnTypeV9>US-A-INS</AddOnTypeV9></RequiresOneOf></RequiresAllOf><ProhibitedWithAnyOf><AddOnTypeV9>US-A-DC</AddOnTypeV9><AddOnTypeV9>US-A-SC</AddOnTypeV9><AddOnTypeV9>US-A-COM</AddOnTypeV9><AddOnTypeV9>US-A-RRM</AddOnTypeV9><AddOnTypeV9>US-A-SH</AddOnTypeV9><AddOnTypeV9>SC-A-INSRM</AddOnTypeV9><AddOnTypeV9>US-A-NND</AddOnTypeV9></ProhibitedWithAnyOf></AddOnV9><AddOnV9><AddOnType>US-A-HM</AddOnType><ProhibitedWithAnyOf><AddOnTypeV9>US-A-CR</AddOnTypeV9><AddOnTypeV9>US-A-LANS</AddOnTypeV9><AddOnTypeV9>US-A-LAWS</AddOnTypeV9></ProhibitedWithAnyOf></AddOnV9><AddOnV9><AddOnType>US-A-LANS</AddOnType><ProhibitedWithAnyOf><AddOnTypeV9>US-A-CR</AddOnTypeV9><AddOnTypeV9>US-A-HM</AddOnTypeV9><AddOnTypeV9>US-A-LAWS</AddOnTypeV9></ProhibitedWithAnyOf></AddOnV9><AddOnV9><Amount>0.4</Amount><AddOnType>US-A-LAWS</AddOnType><ProhibitedWithAnyOf><AddOnTypeV9>US-A-CR</AddOnTypeV9><AddOnTypeV9>US-A-HM</AddOnTypeV9><AddOnTypeV9>US-A-LANS</AddOnTypeV9></ProhibitedWithAnyOf></AddOnV9><AddOnV9><Amount>10.95</Amount><AddOnType>US-A-SH</AddOnType><ProhibitedWithAnyOf><AddOnTypeV9>US-A-COM</AddOnTypeV9><AddOnTypeV9>US-A-CM</AddOnTypeV9><AddOnTypeV9>US-A-REG</AddOnTypeV9><AddOnTypeV9>US-A-RD</AddOnTypeV9><AddOnTypeV9>US-A-RRE</AddOnTypeV9></ProhibitedWithAnyOf></AddOnV9><AddOnV9><AddOnType>US-A-PR</AddOnType></AddOnV9><AddOnV9><AddOnType>US-A-HFPU</AddOnType><ProhibitedWithAnyOf><AddOnTypeV9>US-A-COD</AddOnTypeV9></ProhibitedWithAnyOf></AddOnV9></AddOns><EffectiveWeightInOunces>32</EffectiveWeightInOunces><Zone>4</Zone><RateCategory>1000</RateCategory><ToState>OH</ToState></Rate><Rate><FromZIPCode>01702</FromZIPCode><ToZIPCode>44406</ToZIPCode><Amount>3.1</Amount><ServiceType>US-LM</ServiceType><DeliverDays>2-8</DeliverDays><WeightOz>32</WeightOz><PackageType>Package</PackageType><Length>15</Length><Width>7</Width><Height>3</Height><ShipDate>2019-12-12</ShipDate><AddOns><AddOnV9><AddOnType>US-A-INS</AddOnType><ProhibitedWithAnyOf><AddOnTypeV9>US-A-REG</AddOnTypeV9><AddOnTypeV9>US-A-CM</AddOnTypeV9><AddOnTypeV9>US-A-COD</AddOnTypeV9><AddOnTypeV9>SC-A-INS</AddOnTypeV9></ProhibitedWithAnyOf><MissingData>InsuredValue</MissingData></AddOnV9><AddOnV9><AddOnType>US-A-COD</AddOnType><ProhibitedWithAnyOf><AddOnTypeV9>US-A-RRM</AddOnTypeV9><AddOnTypeV9>US-A-INS</AddOnTypeV9><AddOnTypeV9>US-A-CM</AddOnTypeV9><AddOnTypeV9>US-A-HFPU</AddOnTypeV9></ProhibitedWithAnyOf><MissingData>CODValue</MissingData></AddOnV9><AddOnV9><AddOnType>US-A-DC</AddOnType><ProhibitedWithAnyOf><AddOnTypeV9>US-A-SC</AddOnTypeV9><AddOnTypeV9>US-A-CM</AddOnTypeV9><AddOnTypeV9>US-A-ASR</AddOnTypeV9><AddOnTypeV9>US-A-ASRD</AddOnTypeV9></ProhibitedWithAnyOf></AddOnV9><AddOnV9><Amount>2.6</Amount><AddOnType>US-A-SC</AddOnType><ProhibitedWithAnyOf><AddOnTypeV9>US-A-DC</AddOnTypeV9><AddOnTypeV9>US-A-CM</AddOnTypeV9><AddOnTypeV9>US-A-RRM</AddOnTypeV9><AddOnTypeV9>US-A-ASR</AddOnTypeV9><AddOnTypeV9>US-A-ASRD</AddOnTypeV9></ProhibitedWithAnyOf></AddOnV9><AddOnV9><Amount>2.8</Amount><AddOnType>US-A-RR</AddOnType><RequiresAllOf><RequiresOneOf><AddOnTypeV9>US-A-COD</AddOnTypeV9><AddOnTypeV9>US-A-REG</AddOnTypeV9><AddOnTypeV9>US-A-CM</AddOnTypeV9><AddOnTypeV9>US-A-INS</AddOnTypeV9><AddOnTypeV9>US-A-ASR</AddOnTypeV9><AddOnTypeV9>US-A-ASRD</AddOnTypeV9><AddOnTypeV9>US-A-SC</AddOnTypeV9></RequiresOneOf></RequiresAllOf><ProhibitedWithAnyOf><AddOnTypeV9>US-A-RRM</AddOnTypeV9></ProhibitedWithAnyOf></AddOnV9><AddOnV9><Amount>5.3</Amount><AddOnType>US-A-RD</AddOnType><RequiresAllOf><RequiresOneOf><AddOnTypeV9>US-A-COD</AddOnTypeV9><AddOnTypeV9>US-A-REG</AddOnTypeV9><AddOnTypeV9>US-A-CM</AddOnTypeV9><AddOnTypeV9>US-A-INS</AddOnTypeV9><AddOnTypeV9>US-A-SC</AddOnTypeV9></RequiresOneOf></RequiresAllOf><ProhibitedWithAnyOf><AddOnTypeV9>US-A-RRM</AddOnTypeV9><AddOnTypeV9>US-A-SH</AddOnTypeV9></ProhibitedWithAnyOf></AddOnV9><AddOnV9><AddOnType>SC-A-INS</AddOnType><ProhibitedWithAnyOf><AddOnTypeV9>US-A-REG</AddOnTypeV9><AddOnTypeV9>US-A-INS</AddOnTypeV9></ProhibitedWithAnyOf><MissingData>InsuredValue</MissingData></AddOnV9><AddOnV9><AddOnType>SC-A-HP</AddOnType><ProhibitedWithAnyOf /></AddOnV9><AddOnV9><Amount>4.3</Amount><AddOnType>US-A-RRM</AddOnType><ProhibitedWithAnyOf><AddOnTypeV9>US-A-REG</AddOnTypeV9><AddOnTypeV9>US-A-RD</AddOnTypeV9><AddOnTypeV9>US-A-COD</AddOnTypeV9><AddOnTypeV9>US-A-SC</AddOnTypeV9><AddOnTypeV9>US-A-CM</AddOnTypeV9><AddOnTypeV9>US-A-RR</AddOnTypeV9></ProhibitedWithAnyOf></AddOnV9><AddOnV9><Amount>1.6</Amount><AddOnType>US-A-RRE</AddOnType><RequiresAllOf><RequiresOneOf><AddOnTypeV9>US-A-CM</AddOnTypeV9><AddOnTypeV9>US-A-COD</AddOnTypeV9><AddOnTypeV9>US-A-REG</AddOnTypeV9><AddOnTypeV9>US-A-INS</AddOnTypeV9></RequiresOneOf></RequiresAllOf><ProhibitedWithAnyOf><AddOnTypeV9>US-A-DC</AddOnTypeV9><AddOnTypeV9>US-A-SC</AddOnTypeV9><AddOnTypeV9>US-A-COM</AddOnTypeV9><AddOnTypeV9>US-A-RRM</AddOnTypeV9><AddOnTypeV9>US-A-SH</AddOnTypeV9><AddOnTypeV9>SC-A-INSRM</AddOnTypeV9><AddOnTypeV9>US-A-NND</AddOnTypeV9></ProhibitedWithAnyOf></AddOnV9><AddOnV9><AddOnType>US-A-HM</AddOnType><RequiresAllOf><RequiresOneOf><AddOnTypeV9>US-A-DC</AddOnTypeV9><AddOnTypeV9>US-A-SC</AddOnTypeV9></RequiresOneOf></RequiresAllOf><ProhibitedWithAnyOf><AddOnTypeV9>US-A-CR</AddOnTypeV9><AddOnTypeV9>US-A-LANS</AddOnTypeV9><AddOnTypeV9>US-A-LAWS</AddOnTypeV9></ProhibitedWithAnyOf></AddOnV9><AddOnV9><AddOnType>US-A-LANS</AddOnType><RequiresAllOf><RequiresOneOf><AddOnTypeV9>US-A-DC</AddOnTypeV9><AddOnTypeV9>US-A-SC</AddOnTypeV9></RequiresOneOf></RequiresAllOf><ProhibitedWithAnyOf><AddOnTypeV9>US-A-CR</AddOnTypeV9><AddOnTypeV9>US-A-HM</AddOnTypeV9><AddOnTypeV9>US-A-LAWS</AddOnTypeV9></ProhibitedWithAnyOf></AddOnV9><AddOnV9><Amount>0.4</Amount><AddOnType>US-A-LAWS</AddOnType><RequiresAllOf><RequiresOneOf><AddOnTypeV9>US-A-DC</AddOnTypeV9><AddOnTypeV9>US-A-SC</AddOnTypeV9></RequiresOneOf></RequiresAllOf><ProhibitedWithAnyOf><AddOnTypeV9>US-A-CR</AddOnTypeV9><AddOnTypeV9>US-A-HM</AddOnTypeV9><AddOnTypeV9>US-A-LANS</AddOnTypeV9></ProhibitedWithAnyOf></AddOnV9><AddOnV9><Amount>10.95</Amount><AddOnType>US-A-SH</AddOnType><RequiresAllOf><RequiresOneOf><AddOnTypeV9>US-A-DC</AddOnTypeV9><AddOnTypeV9>US-A-SC</AddOnTypeV9></RequiresOneOf></RequiresAllOf><ProhibitedWithAnyOf><AddOnTypeV9>US-A-COM</AddOnTypeV9><AddOnTypeV9>US-A-CM</AddOnTypeV9><AddOnTypeV9>US-A-REG</AddOnTypeV9><AddOnTypeV9>US-A-RD</AddOnTypeV9><AddOnTypeV9>US-A-RRE</AddOnTypeV9></ProhibitedWithAnyOf></AddOnV9><AddOnV9><AddOnType>US-A-PR</AddOnType></AddOnV9></AddOns><EffectiveWeightInOunces>32</EffectiveWeightInOunces><Zone>4</Zone><RateCategory>1000</RateCategory><ToState>OH</ToState></Rate></Rates></GetRatesResponse></soap:Body></soap:Envelope>


Request: 
POST /swsim/swsimv62.asmx HTTP/1.1
Host: swsim.stamps.com
Connection: Keep-Alive
User-Agent: PHP-SOAP/5.5.12
Content-Type: text/xml; charset=utf-8
SOAPAction: "http://stamps.com/xml/namespace/2017/04/swsim/swsimv62/GetRates"
Content-Length: 1008


Request: 
<?xml version="1.0" encoding="UTF-8"?>
<SOAP-ENV:Envelope xmlns:SOAP-ENV="http://schemas.xmlsoap.org/soap/envelope/" xmlns:ns1="http://stamps.com/xml/namespace/2017/04/swsim/swsimv62"><SOAP-ENV:Body><ns1:GetRates><ns1:Authenticator>exp=1576262461&amp;uid=9040544&amp;cty=swsim&amp;ctk=N70P887ALPkYIZjQ++S3zOpFX5Y=&amp;iid=gse5lGOh8EWrKZCNzTX4nw==&amp;rsid=0&amp;irsid=1&amp;eac=2088717755&amp;eacx=297957375&amp;eac3=0&amp;rrsid=0&amp;raid=0&amp;resellerid=0&amp;pexp=0&amp;pl=&amp;ast=1&amp;ipaddr=207.172.210.9&amp;ace=1576179661&amp;appcapsx=fH9NuxHCd/8AAAAAAAAAAA==&amp;mac=o2u/lk8CSaUyJMRXsGaYKOc04Ck=</ns1:Authenticator><ns1:Rate><ns1:FromZIPCode>01702</ns1:FromZIPCode><ns1:ToZIPCode>44406</ns1:ToZIPCode><ns1:WeightLb>0</ns1:WeightLb><ns1:WeightOz>48</ns1:WeightOz><ns1:PackageType>Package</ns1:PackageType><ns1:Length>24</ns1:Length><ns1:Width>22</ns1:Width><ns1:Height>7</ns1:Height><ns1:ShipDate>2019-12-12</ns1:ShipDate><ns1:AddOns/></ns1:Rate></ns1:GetRates></SOAP-ENV:Body></SOAP-ENV:Envelope>

Response: 
HTTP/1.1 200 OK
Cache-Control: private, max-age=0
Content-Type: text/xml; charset=utf-8
Server: Microsoft-IIS/7.5
GID: e001b534-0acc-4cd6-80f9-fff5f4c0d5ef
X-AspNet-Version: 4.0.30319
X-Powered-By: ASP.NET
X-Frame-Options: SAMEORIGIN
X-Content-Type-Options: nosniff
X-Xss-Protection: 1;mode=block
Content-Security-Policy: frame-ancestors http://*.stamps.com https://*.stamps.com
Date: Thu, 12 Dec 2019 18:41:01 GMT
Connection: close
Content-Length: 25740

Response: 
<?xml version="1.0" encoding="utf-8"?><soap:Envelope xmlns:soap="http://schemas.xmlsoap.org/soap/envelope/" xmlns:xsi="http://www.w3.org/2001/XMLSchema-instance" xmlns:xsd="http://www.w3.org/2001/XMLSchema"><soap:Body><GetRatesResponse xmlns="http://stamps.com/xml/namespace/2017/04/swsim/swsimv62"><Authenticator>exp=1576262461&amp;uid=9040544&amp;cty=swsim&amp;ctk=2XAttipAfhbhHnVy6GJJKHF3tGk=&amp;iid=gse5lGOh8EWrKZCNzTX4nw==&amp;rsid=0&amp;irsid=1&amp;eac=2088717755&amp;eacx=297957375&amp;eac3=0&amp;rrsid=0&amp;raid=0&amp;resellerid=0&amp;pexp=0&amp;pl=&amp;ast=1&amp;ipaddr=207.172.210.9&amp;ace=1576179661&amp;appcapsx=fH9NuxHCd/8AAAAAAAAAAA==&amp;mac=QLPGWTX23LGq//83twx27qhXRYg=</Authenticator><Rates><Rate><FromZIPCode>01702</FromZIPCode><ToZIPCode>44406</ToZIPCode><Amount>24.02</Amount><ServiceType>US-PM</ServiceType><DeliverDays>3</DeliverDays><WeightOz>48</WeightOz><PackageType>Package</PackageType><Length>24</Length><Width>22</Width><Height>7</Height><ShipDate>2019-12-12</ShipDate><DeliveryDate>2019-12-16</DeliveryDate><InsuredValue>50</InsuredValue><DimWeighting>Y</DimWeighting><AddOns><AddOnV9><AddOnType>US-A-INS</AddOnType><ProhibitedWithAnyOf><AddOnTypeV9>US-A-REG</AddOnTypeV9><AddOnTypeV9>US-A-CM</AddOnTypeV9><AddOnTypeV9>US-A-COD</AddOnTypeV9><AddOnTypeV9>SC-A-INS</AddOnTypeV9></ProhibitedWithAnyOf></AddOnV9><AddOnV9><AddOnType>US-A-COD</AddOnType><ProhibitedWithAnyOf><AddOnTypeV9>US-A-RRM</AddOnTypeV9><AddOnTypeV9>US-A-INS</AddOnTypeV9><AddOnTypeV9>US-A-CM</AddOnTypeV9><AddOnTypeV9>US-A-HFPU</AddOnTypeV9></ProhibitedWithAnyOf><MissingData>CODValue</MissingData></AddOnV9><AddOnV9><AddOnType>US-A-DC</AddOnType><ProhibitedWithAnyOf><AddOnTypeV9>US-A-SC</AddOnTypeV9><AddOnTypeV9>US-A-CM</AddOnTypeV9><AddOnTypeV9>US-A-ASR</AddOnTypeV9><AddOnTypeV9>US-A-ASRD</AddOnTypeV9></ProhibitedWithAnyOf></AddOnV9><AddOnV9><Amount>2.6</Amount><AddOnType>US-A-SC</AddOnType><ProhibitedWithAnyOf><AddOnTypeV9>US-A-DC</AddOnTypeV9><AddOnTypeV9>US-A-CM</AddOnTypeV9><AddOnTypeV9>US-A-RRM</AddOnTypeV9><AddOnTypeV9>US-A-ASR</AddOnTypeV9><AddOnTypeV9>US-A-ASRD</AddOnTypeV9></ProhibitedWithAnyOf></AddOnV9><AddOnV9><Amount>3.5</Amount><AddOnType>US-A-CM</AddOnType><ProhibitedWithAnyOf><AddOnTypeV9>US-A-RRM</AddOnTypeV9><AddOnTypeV9>US-A-REG</AddOnTypeV9><AddOnTypeV9>US-A-DC</AddOnTypeV9><AddOnTypeV9>US-A-COD</AddOnTypeV9><AddOnTypeV9>US-A-SC</AddOnTypeV9><AddOnTypeV9>US-A-INS</AddOnTypeV9><AddOnTypeV9>US-A-SH</AddOnTypeV9></ProhibitedWithAnyOf></AddOnV9><AddOnV9><Amount>2.8</Amount><AddOnType>US-A-RR</AddOnType><RequiresAllOf><RequiresOneOf><AddOnTypeV9>US-A-COD</AddOnTypeV9><AddOnTypeV9>US-A-REG</AddOnTypeV9><AddOnTypeV9>US-A-CM</AddOnTypeV9><AddOnTypeV9>US-A-INS</AddOnTypeV9><AddOnTypeV9>US-A-ASR</AddOnTypeV9><AddOnTypeV9>US-A-ASRD</AddOnTypeV9><AddOnTypeV9>US-A-SC</AddOnTypeV9></RequiresOneOf></RequiresAllOf><ProhibitedWithAnyOf><AddOnTypeV9>US-A-RRM</AddOnTypeV9></ProhibitedWithAnyOf></AddOnV9><AddOnV9><Amount>12.4</Amount><AddOnType>US-A-REG</AddOnType><ProhibitedWithAnyOf><AddOnTypeV9>US-A-CM</AddOnTypeV9><AddOnTypeV9>US-A-INS</AddOnTypeV9><AddOnTypeV9>US-A-RRM</AddOnTypeV9><AddOnTypeV9>SC-A-INS</AddOnTypeV9><AddOnTypeV9>US-A-SH</AddOnTypeV9></ProhibitedWithAnyOf></AddOnV9><AddOnV9><Amount>5.3</Amount><AddOnType>US-A-RD</AddOnType><RequiresAllOf><RequiresOneOf><AddOnTypeV9>US-A-COD</AddOnTypeV9><AddOnTypeV9>US-A-REG</AddOnTypeV9><AddOnTypeV9>US-A-CM</AddOnTypeV9><AddOnTypeV9>US-A-INS</AddOnTypeV9><AddOnTypeV9>US-A-SC</AddOnTypeV9></RequiresOneOf></RequiresAllOf><ProhibitedWithAnyOf><AddOnTypeV9>US-A-RRM</AddOnTypeV9><AddOnTypeV9>US-A-SH</AddOnTypeV9></ProhibitedWithAnyOf></AddOnV9><AddOnV9><Amount>1.98</Amount><AddOnType>SC-A-INS</AddOnType><ProhibitedWithAnyOf><AddOnTypeV9>US-A-REG</AddOnTypeV9><AddOnTypeV9>US-A-INS</AddOnTypeV9></ProhibitedWithAnyOf></AddOnV9><AddOnV9><AddOnType>SC-A-HP</AddOnType><ProhibitedWithAnyOf /></AddOnV9><AddOnV9><AddOnType>US-A-NND</AddOnType><RequiresAllOf><RequiresOneOf><AddOnTypeV9>US-A-COD</AddOnTypeV9></RequiresOneOf></RequiresAllOf></AddOnV9><AddOnV9><Amount>4.3</Amount><AddOnType>US-A-RRM</AddOnType><ProhibitedWithAnyOf><AddOnTypeV9>US-A-REG</AddOnTypeV9><AddOnTypeV9>US-A-RD</AddOnTypeV9><AddOnTypeV9>US-A-COD</AddOnTypeV9><AddOnTypeV9>US-A-SC</AddOnTypeV9><AddOnTypeV9>US-A-CM</AddOnTypeV9><AddOnTypeV9>US-A-RR</AddOnTypeV9></ProhibitedWithAnyOf></AddOnV9><AddOnV9><Amount>1.6</Amount><AddOnType>US-A-RRE</AddOnType><RequiresAllOf><RequiresOneOf><AddOnTypeV9>US-A-CM</AddOnTypeV9><AddOnTypeV9>US-A-COD</AddOnTypeV9><AddOnTypeV9>US-A-REG</AddOnTypeV9><AddOnTypeV9>US-A-INS</AddOnTypeV9></RequiresOneOf></RequiresAllOf><ProhibitedWithAnyOf><AddOnTypeV9>US-A-DC</AddOnTypeV9><AddOnTypeV9>US-A-SC</AddOnTypeV9><AddOnTypeV9>US-A-COM</AddOnTypeV9><AddOnTypeV9>US-A-RRM</AddOnTypeV9><AddOnTypeV9>US-A-SH</AddOnTypeV9><AddOnTypeV9>SC-A-INSRM</AddOnTypeV9><AddOnTypeV9>US-A-NND</AddOnTypeV9></ProhibitedWithAnyOf></AddOnV9><AddOnV9><Amount>6.4</Amount><AddOnType>US-A-ASR</AddOnType><ProhibitedWithAnyOf><AddOnTypeV9>US-A-ASRD</AddOnTypeV9><AddOnTypeV9>US-A-DC</AddOnTypeV9><AddOnTypeV9>US-A-SC</AddOnTypeV9></ProhibitedWithAnyOf></AddOnV9><AddOnV9><Amount>6.66</Amount><AddOnType>US-A-ASRD</AddOnType><ProhibitedWithAnyOf><AddOnTypeV9>US-A-ASR</AddOnTypeV9><AddOnTypeV9>US-A-DC</AddOnTypeV9><AddOnTypeV9>US-A-SC</AddOnTypeV9></ProhibitedWithAnyOf></AddOnV9><AddOnV9><AddOnType>US-A-HM</AddOnType><ProhibitedWithAnyOf><AddOnTypeV9>US-A-CR</AddOnTypeV9><AddOnTypeV9>US-A-LANS</AddOnTypeV9><AddOnTypeV9>US-A-LAWS</AddOnTypeV9></ProhibitedWithAnyOf></AddOnV9><AddOnV9><AddOnType>US-A-LANS</AddOnType><ProhibitedWithAnyOf><AddOnTypeV9>US-A-CR</AddOnTypeV9><AddOnTypeV9>US-A-HM</AddOnTypeV9><AddOnTypeV9>US-A-LAWS</AddOnTypeV9></ProhibitedWithAnyOf></AddOnV9><AddOnV9><Amount>0.6</Amount><AddOnType>US-A-LAWS</AddOnType><ProhibitedWithAnyOf><AddOnTypeV9>US-A-CR</AddOnTypeV9><AddOnTypeV9>US-A-HM</AddOnTypeV9><AddOnTypeV9>US-A-LANS</AddOnTypeV9></ProhibitedWithAnyOf></AddOnV9><AddOnV9><Amount>10.95</Amount><AddOnType>US-A-SH</AddOnType><ProhibitedWithAnyOf><AddOnTypeV9>US-A-COM</AddOnTypeV9><AddOnTypeV9>US-A-CM</AddOnTypeV9><AddOnTypeV9>US-A-REG</AddOnTypeV9><AddOnTypeV9>US-A-RD</AddOnTypeV9><AddOnTypeV9>US-A-RRE</AddOnTypeV9></ProhibitedWithAnyOf></AddOnV9><AddOnV9><AddOnType>US-A-PR</AddOnType></AddOnV9><AddOnV9><AddOnType>US-A-HFPU</AddOnType><ProhibitedWithAnyOf><AddOnTypeV9>US-A-COD</AddOnTypeV9></ProhibitedWithAnyOf></AddOnV9></AddOns><EffectiveWeightInOunces>368</EffectiveWeightInOunces><Zone>4</Zone><RateCategory>1000</RateCategory><ToState>OH</ToState></Rate><Rate><FromZIPCode>01702</FromZIPCode><ToZIPCode>44406</ToZIPCode><Amount>110.75</Amount><ServiceType>US-XM</ServiceType><DeliverDays>1-2</DeliverDays><WeightOz>48</WeightOz><PackageType>Package</PackageType><Length>24</Length><Width>22</Width><Height>7</Height><ShipDate>2019-12-12</ShipDate><InsuredValue>100</InsuredValue><DimWeighting>Y</DimWeighting><AddOns><AddOnV9><AddOnType>US-A-INS</AddOnType><ProhibitedWithAnyOf><AddOnTypeV9>US-A-REG</AddOnTypeV9><AddOnTypeV9>US-A-CM</AddOnTypeV9><AddOnTypeV9>US-A-COD</AddOnTypeV9><AddOnTypeV9>SC-A-INS</AddOnTypeV9></ProhibitedWithAnyOf></AddOnV9><AddOnV9><AddOnType>US-A-COD</AddOnType><ProhibitedWithAnyOf><AddOnTypeV9>US-A-RRM</AddOnTypeV9><AddOnTypeV9>US-A-INS</AddOnTypeV9><AddOnTypeV9>US-A-CM</AddOnTypeV9><AddOnTypeV9>US-A-HFPU</AddOnTypeV9></ProhibitedWithAnyOf><MissingData>CODValue</MissingData></AddOnV9><AddOnV9><Amount>2.8</Amount><AddOnType>US-A-RR</AddOnType><ProhibitedWithAnyOf><AddOnTypeV9>US-A-RRM</AddOnTypeV9></ProhibitedWithAnyOf></AddOnV9><AddOnV9><AddOnType>US-A-DC</AddOnType><ProhibitedWithAnyOf><AddOnTypeV9>US-A-SC</AddOnTypeV9><AddOnTypeV9>US-A-CM</AddOnTypeV9><AddOnTypeV9>US-A-ASR</AddOnTypeV9><AddOnTypeV9>US-A-ASRD</AddOnTypeV9><AddOnTypeV9>US-A-SR</AddOnTypeV9></ProhibitedWithAnyOf></AddOnV9><AddOnV9><Amount>2.52</Amount><AddOnType>SC-A-INS</AddOnType><ProhibitedWithAnyOf><AddOnTypeV9>US-A-REG</AddOnTypeV9><AddOnTypeV9>US-A-INS</AddOnTypeV9></ProhibitedWithAnyOf></AddOnV9><AddOnV9><AddOnType>SC-A-HP</AddOnType><ProhibitedWithAnyOf /></AddOnV9><AddOnV9><AddOnType>US-A-NND</AddOnType><RequiresAllOf><RequiresOneOf><AddOnTypeV9>US-A-COD</AddOnTypeV9></RequiresOneOf></RequiresAllOf></AddOnV9><AddOnV9><AddOnType>US-A-SR</AddOnType><ProhibitedWithAnyOf><AddOnTypeV9>US-A-DC</AddOnTypeV9></ProhibitedWithAnyOf></AddOnV9><AddOnV9><AddOnType>US-A-NDW</AddOnType></AddOnV9><AddOnV9><Amount>6.4</Amount><AddOnType>US-A-ASR</AddOnType><ProhibitedWithAnyOf><AddOnTypeV9>US-A-ASRD</AddOnTypeV9><AddOnTypeV9>US-A-DC</AddOnTypeV9><AddOnTypeV9>US-A-SC</AddOnTypeV9><AddOnTypeV9>US-A-CM</AddOnTypeV9></ProhibitedWithAnyOf></AddOnV9><AddOnV9><Amount>6.66</Amount><AddOnType>US-A-ASRD</AddOnType><ProhibitedWithAnyOf><AddOnTypeV9>US-A-ASR</AddOnTypeV9><AddOnTypeV9>US-A-DC</AddOnTypeV9><AddOnTypeV9>US-A-SC</AddOnTypeV9></ProhibitedWithAnyOf></AddOnV9><AddOnV9><AddOnType>US-A-CR</AddOnType><ProhibitedWithAnyOf><AddOnTypeV9>US-A-HM</AddOnTypeV9><AddOnTypeV9>US-A-LANS</AddOnTypeV9><AddOnTypeV9>US-A-LAWS</AddOnTypeV9></ProhibitedWithAnyOf></AddOnV9><AddOnV9><AddOnType>US-A-HM</AddOnType><ProhibitedWithAnyOf><AddOnTypeV9>US-A-CR</AddOnTypeV9><AddOnTypeV9>US-A-LANS</AddOnTypeV9><AddOnTypeV9>US-A-LAWS</AddOnTypeV9></ProhibitedWithAnyOf></AddOnV9><AddOnV9><AddOnType>US-A-LANS</AddOnType><ProhibitedWithAnyOf><AddOnTypeV9>US-A-CR</AddOnTypeV9><AddOnTypeV9>US-A-HM</AddOnTypeV9><AddOnTypeV9>US-A-LAWS</AddOnTypeV9></ProhibitedWithAnyOf></AddOnV9><AddOnV9><Amount>0.6</Amount><AddOnType>US-A-LAWS</AddOnType><ProhibitedWithAnyOf><AddOnTypeV9>US-A-CR</AddOnTypeV9><AddOnTypeV9>US-A-HM</AddOnTypeV9><AddOnTypeV9>US-A-LANS</AddOnTypeV9></ProhibitedWithAnyOf></AddOnV9><AddOnV9><Amount>10.95</Amount><AddOnType>US-A-SH</AddOnType><ProhibitedWithAnyOf><AddOnTypeV9>US-A-COM</AddOnTypeV9><AddOnTypeV9>US-A-CM</AddOnTypeV9><AddOnTypeV9>US-A-REG</AddOnTypeV9><AddOnTypeV9>US-A-RD</AddOnTypeV9><AddOnTypeV9>US-A-RRE</AddOnTypeV9></ProhibitedWithAnyOf></AddOnV9><AddOnV9><AddOnType>US-A-PR</AddOnType></AddOnV9><AddOnV9><AddOnType>US-A-HFPU</AddOnType><ProhibitedWithAnyOf><AddOnTypeV9>US-A-COD</AddOnTypeV9></ProhibitedWithAnyOf></AddOnV9></AddOns><EffectiveWeightInOunces>368</EffectiveWeightInOunces><Zone>4</Zone><RateCategory>1000</RateCategory><ToState>OH</ToState></Rate><Rate><FromZIPCode>01702</FromZIPCode><ToZIPCode>44406</ToZIPCode><Amount>3.79</Amount><ServiceType>US-MM</ServiceType><DeliverDays>5</DeliverDays><WeightOz>48</WeightOz><PackageType>Package</PackageType><Length>24</Length><Width>22</Width><Height>7</Height><ShipDate>2019-12-12</ShipDate><DeliveryDate>2019-12-18</DeliveryDate><AddOns><AddOnV9><AddOnType>US-A-INS</AddOnType><ProhibitedWithAnyOf><AddOnTypeV9>US-A-REG</AddOnTypeV9><AddOnTypeV9>US-A-CM</AddOnTypeV9><AddOnTypeV9>US-A-COD</AddOnTypeV9><AddOnTypeV9>SC-A-INS</AddOnTypeV9></ProhibitedWithAnyOf><MissingData>InsuredValue</MissingData></AddOnV9><AddOnV9><AddOnType>US-A-COD</AddOnType><ProhibitedWithAnyOf><AddOnTypeV9>US-A-RRM</AddOnTypeV9><AddOnTypeV9>US-A-INS</AddOnTypeV9><AddOnTypeV9>US-A-CM</AddOnTypeV9><AddOnTypeV9>US-A-HFPU</AddOnTypeV9></ProhibitedWithAnyOf><MissingData>CODValue</MissingData></AddOnV9><AddOnV9><AddOnType>US-A-DC</AddOnType><ProhibitedWithAnyOf><AddOnTypeV9>US-A-SC</AddOnTypeV9><AddOnTypeV9>US-A-CM</AddOnTypeV9><AddOnTypeV9>US-A-ASR</AddOnTypeV9><AddOnTypeV9>US-A-ASRD</AddOnTypeV9></ProhibitedWithAnyOf></AddOnV9><AddOnV9><Amount>2.6</Amount><AddOnType>US-A-SC</AddOnType><ProhibitedWithAnyOf><AddOnTypeV9>US-A-DC</AddOnTypeV9><AddOnTypeV9>US-A-CM</AddOnTypeV9><AddOnTypeV9>US-A-RRM</AddOnTypeV9><AddOnTypeV9>US-A-ASR</AddOnTypeV9><AddOnTypeV9>US-A-ASRD</AddOnTypeV9></ProhibitedWithAnyOf></AddOnV9><AddOnV9><Amount>2.8</Amount><AddOnType>US-A-RR</AddOnType><RequiresAllOf><RequiresOneOf><AddOnTypeV9>US-A-COD</AddOnTypeV9><AddOnTypeV9>US-A-REG</AddOnTypeV9><AddOnTypeV9>US-A-CM</AddOnTypeV9><AddOnTypeV9>US-A-INS</AddOnTypeV9><AddOnTypeV9>US-A-ASR</AddOnTypeV9><AddOnTypeV9>US-A-ASRD</AddOnTypeV9><AddOnTypeV9>US-A-SC</AddOnTypeV9></RequiresOneOf></RequiresAllOf><ProhibitedWithAnyOf><AddOnTypeV9>US-A-RRM</AddOnTypeV9></ProhibitedWithAnyOf></AddOnV9><AddOnV9><Amount>5.3</Amount><AddOnType>US-A-RD</AddOnType><RequiresAllOf><RequiresOneOf><AddOnTypeV9>US-A-COD</AddOnTypeV9><AddOnTypeV9>US-A-REG</AddOnTypeV9><AddOnTypeV9>US-A-CM</AddOnTypeV9><AddOnTypeV9>US-A-INS</AddOnTypeV9><AddOnTypeV9>US-A-SC</AddOnTypeV9></RequiresOneOf></RequiresAllOf><ProhibitedWithAnyOf><AddOnTypeV9>US-A-RRM</AddOnTypeV9><AddOnTypeV9>US-A-SH</AddOnTypeV9></ProhibitedWithAnyOf></AddOnV9><AddOnV9><AddOnType>SC-A-INS</AddOnType><ProhibitedWithAnyOf><AddOnTypeV9>US-A-REG</AddOnTypeV9><AddOnTypeV9>US-A-INS</AddOnTypeV9></ProhibitedWithAnyOf><MissingData>InsuredValue</MissingData></AddOnV9><AddOnV9><AddOnType>SC-A-HP</AddOnType><ProhibitedWithAnyOf /></AddOnV9><AddOnV9><AddOnType>US-A-NND</AddOnType><RequiresAllOf><RequiresOneOf><AddOnTypeV9>US-A-COD</AddOnTypeV9></RequiresOneOf></RequiresAllOf></AddOnV9><AddOnV9><Amount>4.3</Amount><AddOnType>US-A-RRM</AddOnType><ProhibitedWithAnyOf><AddOnTypeV9>US-A-REG</AddOnTypeV9><AddOnTypeV9>US-A-RD</AddOnTypeV9><AddOnTypeV9>US-A-COD</AddOnTypeV9><AddOnTypeV9>US-A-SC</AddOnTypeV9><AddOnTypeV9>US-A-CM</AddOnTypeV9><AddOnTypeV9>US-A-RR</AddOnTypeV9></ProhibitedWithAnyOf></AddOnV9><AddOnV9><Amount>1.6</Amount><AddOnType>US-A-RRE</AddOnType><RequiresAllOf><RequiresOneOf><AddOnTypeV9>US-A-CM</AddOnTypeV9><AddOnTypeV9>US-A-COD</AddOnTypeV9><AddOnTypeV9>US-A-REG</AddOnTypeV9><AddOnTypeV9>US-A-INS</AddOnTypeV9></RequiresOneOf></RequiresAllOf><ProhibitedWithAnyOf><AddOnTypeV9>US-A-DC</AddOnTypeV9><AddOnTypeV9>US-A-SC</AddOnTypeV9><AddOnTypeV9>US-A-COM</AddOnTypeV9><AddOnTypeV9>US-A-RRM</AddOnTypeV9><AddOnTypeV9>US-A-SH</AddOnTypeV9><AddOnTypeV9>SC-A-INSRM</AddOnTypeV9><AddOnTypeV9>US-A-NND</AddOnTypeV9></ProhibitedWithAnyOf></AddOnV9><AddOnV9><AddOnType>US-A-HM</AddOnType><RequiresAllOf><RequiresOneOf><AddOnTypeV9>US-A-DC</AddOnTypeV9><AddOnTypeV9>US-A-SC</AddOnTypeV9></RequiresOneOf></RequiresAllOf><ProhibitedWithAnyOf><AddOnTypeV9>US-A-CR</AddOnTypeV9><AddOnTypeV9>US-A-LANS</AddOnTypeV9><AddOnTypeV9>US-A-LAWS</AddOnTypeV9></ProhibitedWithAnyOf></AddOnV9><AddOnV9><AddOnType>US-A-LANS</AddOnType><RequiresAllOf><RequiresOneOf><AddOnTypeV9>US-A-DC</AddOnTypeV9><AddOnTypeV9>US-A-SC</AddOnTypeV9></RequiresOneOf></RequiresAllOf><ProhibitedWithAnyOf><AddOnTypeV9>US-A-CR</AddOnTypeV9><AddOnTypeV9>US-A-HM</AddOnTypeV9><AddOnTypeV9>US-A-LAWS</AddOnTypeV9></ProhibitedWithAnyOf></AddOnV9><AddOnV9><Amount>0.6</Amount><AddOnType>US-A-LAWS</AddOnType><RequiresAllOf><RequiresOneOf><AddOnTypeV9>US-A-DC</AddOnTypeV9><AddOnTypeV9>US-A-SC</AddOnTypeV9></RequiresOneOf></RequiresAllOf><ProhibitedWithAnyOf><AddOnTypeV9>US-A-CR</AddOnTypeV9><AddOnTypeV9>US-A-HM</AddOnTypeV9><AddOnTypeV9>US-A-LANS</AddOnTypeV9></ProhibitedWithAnyOf></AddOnV9><AddOnV9><Amount>10.95</Amount><AddOnType>US-A-SH</AddOnType><RequiresAllOf><RequiresOneOf><AddOnTypeV9>US-A-DC</AddOnTypeV9><AddOnTypeV9>US-A-SC</AddOnTypeV9></RequiresOneOf></RequiresAllOf><ProhibitedWithAnyOf><AddOnTypeV9>US-A-COM</AddOnTypeV9><AddOnTypeV9>US-A-CM</AddOnTypeV9><AddOnTypeV9>US-A-REG</AddOnTypeV9><AddOnTypeV9>US-A-RD</AddOnTypeV9><AddOnTypeV9>US-A-RRE</AddOnTypeV9></ProhibitedWithAnyOf></AddOnV9></AddOns><EffectiveWeightInOunces>48</EffectiveWeightInOunces><Zone>4</Zone><RateCategory>1000</RateCategory><ToState>OH</ToState></Rate><Rate><FromZIPCode>01702</FromZIPCode><ToZIPCode>44406</ToZIPCode><Amount>23.92</Amount><ServiceType>US-PS</ServiceType><DeliverDays>5</DeliverDays><WeightOz>48</WeightOz><PackageType>Package</PackageType><Length>24</Length><Width>22</Width><Height>7</Height><ShipDate>2019-12-12</ShipDate><DeliveryDate>2019-12-18</DeliveryDate><DimWeighting>Y</DimWeighting><AddOns><AddOnV9><Amount>6.4</Amount><AddOnType>US-A-ASR</AddOnType><ProhibitedWithAnyOf><AddOnTypeV9>US-A-ASRD</AddOnTypeV9><AddOnTypeV9>US-A-DC</AddOnTypeV9><AddOnTypeV9>US-A-SC</AddOnTypeV9><AddOnTypeV9>US-A-CM</AddOnTypeV9></ProhibitedWithAnyOf></AddOnV9><AddOnV9><Amount>6.66</Amount><AddOnType>US-A-ASRD</AddOnType><ProhibitedWithAnyOf><AddOnTypeV9>US-A-ASR</AddOnTypeV9><AddOnTypeV9>US-A-DC</AddOnTypeV9><AddOnTypeV9>US-A-SC</AddOnTypeV9></ProhibitedWithAnyOf></AddOnV9><AddOnV9><AddOnType>US-A-INS</AddOnType><ProhibitedWithAnyOf><AddOnTypeV9>US-A-REG</AddOnTypeV9><AddOnTypeV9>US-A-CM</AddOnTypeV9><AddOnTypeV9>US-A-COD</AddOnTypeV9><AddOnTypeV9>SC-A-INS</AddOnTypeV9></ProhibitedWithAnyOf><MissingData>InsuredValue</MissingData></AddOnV9><AddOnV9><AddOnType>US-A-COD</AddOnType><ProhibitedWithAnyOf><AddOnTypeV9>US-A-RRM</AddOnTypeV9><AddOnTypeV9>US-A-INS</AddOnTypeV9><AddOnTypeV9>US-A-CM</AddOnTypeV9><AddOnTypeV9>US-A-HFPU</AddOnTypeV9></ProhibitedWithAnyOf><MissingData>CODValue</MissingData></AddOnV9><AddOnV9><AddOnType>US-A-DC</AddOnType><ProhibitedWithAnyOf><AddOnTypeV9>US-A-SC</AddOnTypeV9><AddOnTypeV9>US-A-CM</AddOnTypeV9><AddOnTypeV9>US-A-ASR</AddOnTypeV9><AddOnTypeV9>US-A-ASRD</AddOnTypeV9></ProhibitedWithAnyOf></AddOnV9><AddOnV9><Amount>2.6</Amount><AddOnType>US-A-SC</AddOnType><ProhibitedWithAnyOf><AddOnTypeV9>US-A-DC</AddOnTypeV9><AddOnTypeV9>US-A-CM</AddOnTypeV9><AddOnTypeV9>US-A-RRM</AddOnTypeV9><AddOnTypeV9>US-A-ASR</AddOnTypeV9><AddOnTypeV9>US-A-ASRD</AddOnTypeV9></ProhibitedWithAnyOf></AddOnV9><AddOnV9><Amount>2.8</Amount><AddOnType>US-A-RR</AddOnType><RequiresAllOf><RequiresOneOf><AddOnTypeV9>US-A-COD</AddOnTypeV9><AddOnTypeV9>US-A-REG</AddOnTypeV9><AddOnTypeV9>US-A-CM</AddOnTypeV9><AddOnTypeV9>US-A-INS</AddOnTypeV9><AddOnTypeV9>US-A-ASR</AddOnTypeV9><AddOnTypeV9>US-A-ASRD</AddOnTypeV9><AddOnTypeV9>US-A-SC</AddOnTypeV9></RequiresOneOf></RequiresAllOf><ProhibitedWithAnyOf><AddOnTypeV9>US-A-RRM</AddOnTypeV9></ProhibitedWithAnyOf></AddOnV9><AddOnV9><Amount>5.3</Amount><AddOnType>US-A-RD</AddOnType><RequiresAllOf><RequiresOneOf><AddOnTypeV9>US-A-COD</AddOnTypeV9><AddOnTypeV9>US-A-REG</AddOnTypeV9><AddOnTypeV9>US-A-CM</AddOnTypeV9><AddOnTypeV9>US-A-INS</AddOnTypeV9><AddOnTypeV9>US-A-SC</AddOnTypeV9></RequiresOneOf></RequiresAllOf><ProhibitedWithAnyOf><AddOnTypeV9>US-A-RRM</AddOnTypeV9><AddOnTypeV9>US-A-SH</AddOnTypeV9></ProhibitedWithAnyOf></AddOnV9><AddOnV9><AddOnType>SC-A-INS</AddOnType><ProhibitedWithAnyOf><AddOnTypeV9>US-A-REG</AddOnTypeV9><AddOnTypeV9>US-A-INS</AddOnTypeV9></ProhibitedWithAnyOf><MissingData>InsuredValue</MissingData></AddOnV9><AddOnV9><AddOnType>SC-A-HP</AddOnType><ProhibitedWithAnyOf /></AddOnV9><AddOnV9><AddOnType>US-A-NND</AddOnType><RequiresAllOf><RequiresOneOf><AddOnTypeV9>US-A-COD</AddOnTypeV9></RequiresOneOf></RequiresAllOf></AddOnV9><AddOnV9><Amount>4.3</Amount><AddOnType>US-A-RRM</AddOnType><ProhibitedWithAnyOf><AddOnTypeV9>US-A-REG</AddOnTypeV9><AddOnTypeV9>US-A-RD</AddOnTypeV9><AddOnTypeV9>US-A-COD</AddOnTypeV9><AddOnTypeV9>US-A-SC</AddOnTypeV9><AddOnTypeV9>US-A-CM</AddOnTypeV9><AddOnTypeV9>US-A-RR</AddOnTypeV9></ProhibitedWithAnyOf></AddOnV9><AddOnV9><Amount>1.6</Amount><AddOnType>US-A-RRE</AddOnType><RequiresAllOf><RequiresOneOf><AddOnTypeV9>US-A-CM</AddOnTypeV9><AddOnTypeV9>US-A-COD</AddOnTypeV9><AddOnTypeV9>US-A-REG</AddOnTypeV9><AddOnTypeV9>US-A-INS</AddOnTypeV9></RequiresOneOf></RequiresAllOf><ProhibitedWithAnyOf><AddOnTypeV9>US-A-DC</AddOnTypeV9><AddOnTypeV9>US-A-SC</AddOnTypeV9><AddOnTypeV9>US-A-COM</AddOnTypeV9><AddOnTypeV9>US-A-RRM</AddOnTypeV9><AddOnTypeV9>US-A-SH</AddOnTypeV9><AddOnTypeV9>SC-A-INSRM</AddOnTypeV9><AddOnTypeV9>US-A-NND</AddOnTypeV9></ProhibitedWithAnyOf></AddOnV9><AddOnV9><AddOnType>US-A-HM</AddOnType><ProhibitedWithAnyOf><AddOnTypeV9>US-A-CR</AddOnTypeV9><AddOnTypeV9>US-A-LANS</AddOnTypeV9><AddOnTypeV9>US-A-LAWS</AddOnTypeV9></ProhibitedWithAnyOf></AddOnV9><AddOnV9><AddOnType>US-A-LANS</AddOnType><ProhibitedWithAnyOf><AddOnTypeV9>US-A-CR</AddOnTypeV9><AddOnTypeV9>US-A-HM</AddOnTypeV9><AddOnTypeV9>US-A-LAWS</AddOnTypeV9></ProhibitedWithAnyOf></AddOnV9><AddOnV9><Amount>0.6</Amount><AddOnType>US-A-LAWS</AddOnType><ProhibitedWithAnyOf><AddOnTypeV9>US-A-CR</AddOnTypeV9><AddOnTypeV9>US-A-HM</AddOnTypeV9><AddOnTypeV9>US-A-LANS</AddOnTypeV9></ProhibitedWithAnyOf></AddOnV9><AddOnV9><Amount>10.95</Amount><AddOnType>US-A-SH</AddOnType><ProhibitedWithAnyOf><AddOnTypeV9>US-A-COM</AddOnTypeV9><AddOnTypeV9>US-A-CM</AddOnTypeV9><AddOnTypeV9>US-A-REG</AddOnTypeV9><AddOnTypeV9>US-A-RD</AddOnTypeV9><AddOnTypeV9>US-A-RRE</AddOnTypeV9></ProhibitedWithAnyOf></AddOnV9><AddOnV9><AddOnType>US-A-PR</AddOnType></AddOnV9><AddOnV9><AddOnType>US-A-HFPU</AddOnType><ProhibitedWithAnyOf><AddOnTypeV9>US-A-COD</AddOnTypeV9></ProhibitedWithAnyOf></AddOnV9></AddOns><EffectiveWeightInOunces>368</EffectiveWeightInOunces><Zone>4</Zone><RateCategory>1000</RateCategory><ToState>OH</ToState></Rate><Rate><FromZIPCode>01702</FromZIPCode><ToZIPCode>44406</ToZIPCode><Amount>3.59</Amount><ServiceType>US-LM</ServiceType><DeliverDays>2-8</DeliverDays><WeightOz>48</WeightOz><PackageType>Package</PackageType><Length>24</Length><Width>22</Width><Height>7</Height><ShipDate>2019-12-12</ShipDate><AddOns><AddOnV9><AddOnType>US-A-INS</AddOnType><ProhibitedWithAnyOf><AddOnTypeV9>US-A-REG</AddOnTypeV9><AddOnTypeV9>US-A-CM</AddOnTypeV9><AddOnTypeV9>US-A-COD</AddOnTypeV9><AddOnTypeV9>SC-A-INS</AddOnTypeV9></ProhibitedWithAnyOf><MissingData>InsuredValue</MissingData></AddOnV9><AddOnV9><AddOnType>US-A-COD</AddOnType><ProhibitedWithAnyOf><AddOnTypeV9>US-A-RRM</AddOnTypeV9><AddOnTypeV9>US-A-INS</AddOnTypeV9><AddOnTypeV9>US-A-CM</AddOnTypeV9><AddOnTypeV9>US-A-HFPU</AddOnTypeV9></ProhibitedWithAnyOf><MissingData>CODValue</MissingData></AddOnV9><AddOnV9><AddOnType>US-A-DC</AddOnType><ProhibitedWithAnyOf><AddOnTypeV9>US-A-SC</AddOnTypeV9><AddOnTypeV9>US-A-CM</AddOnTypeV9><AddOnTypeV9>US-A-ASR</AddOnTypeV9><AddOnTypeV9>US-A-ASRD</AddOnTypeV9></ProhibitedWithAnyOf></AddOnV9><AddOnV9><Amount>2.6</Amount><AddOnType>US-A-SC</AddOnType><ProhibitedWithAnyOf><AddOnTypeV9>US-A-DC</AddOnTypeV9><AddOnTypeV9>US-A-CM</AddOnTypeV9><AddOnTypeV9>US-A-RRM</AddOnTypeV9><AddOnTypeV9>US-A-ASR</AddOnTypeV9><AddOnTypeV9>US-A-ASRD</AddOnTypeV9></ProhibitedWithAnyOf></AddOnV9><AddOnV9><Amount>2.8</Amount><AddOnType>US-A-RR</AddOnType><RequiresAllOf><RequiresOneOf><AddOnTypeV9>US-A-COD</AddOnTypeV9><AddOnTypeV9>US-A-REG</AddOnTypeV9><AddOnTypeV9>US-A-CM</AddOnTypeV9><AddOnTypeV9>US-A-INS</AddOnTypeV9><AddOnTypeV9>US-A-ASR</AddOnTypeV9><AddOnTypeV9>US-A-ASRD</AddOnTypeV9><AddOnTypeV9>US-A-SC</AddOnTypeV9></RequiresOneOf></RequiresAllOf><ProhibitedWithAnyOf><AddOnTypeV9>US-A-RRM</AddOnTypeV9></ProhibitedWithAnyOf></AddOnV9><AddOnV9><Amount>5.3</Amount><AddOnType>US-A-RD</AddOnType><RequiresAllOf><RequiresOneOf><AddOnTypeV9>US-A-COD</AddOnTypeV9><AddOnTypeV9>US-A-REG</AddOnTypeV9><AddOnTypeV9>US-A-CM</AddOnTypeV9><AddOnTypeV9>US-A-INS</AddOnTypeV9><AddOnTypeV9>US-A-SC</AddOnTypeV9></RequiresOneOf></RequiresAllOf><ProhibitedWithAnyOf><AddOnTypeV9>US-A-RRM</AddOnTypeV9><AddOnTypeV9>US-A-SH</AddOnTypeV9></ProhibitedWithAnyOf></AddOnV9><AddOnV9><AddOnType>SC-A-INS</AddOnType><ProhibitedWithAnyOf><AddOnTypeV9>US-A-REG</AddOnTypeV9><AddOnTypeV9>US-A-INS</AddOnTypeV9></ProhibitedWithAnyOf><MissingData>InsuredValue</MissingData></AddOnV9><AddOnV9><AddOnType>SC-A-HP</AddOnType><ProhibitedWithAnyOf /></AddOnV9><AddOnV9><Amount>4.3</Amount><AddOnType>US-A-RRM</AddOnType><ProhibitedWithAnyOf><AddOnTypeV9>US-A-REG</AddOnTypeV9><AddOnTypeV9>US-A-RD</AddOnTypeV9><AddOnTypeV9>US-A-COD</AddOnTypeV9><AddOnTypeV9>US-A-SC</AddOnTypeV9><AddOnTypeV9>US-A-CM</AddOnTypeV9><AddOnTypeV9>US-A-RR</AddOnTypeV9></ProhibitedWithAnyOf></AddOnV9><AddOnV9><Amount>1.6</Amount><AddOnType>US-A-RRE</AddOnType><RequiresAllOf><RequiresOneOf><AddOnTypeV9>US-A-CM</AddOnTypeV9><AddOnTypeV9>US-A-COD</AddOnTypeV9><AddOnTypeV9>US-A-REG</AddOnTypeV9><AddOnTypeV9>US-A-INS</AddOnTypeV9></RequiresOneOf></RequiresAllOf><ProhibitedWithAnyOf><AddOnTypeV9>US-A-DC</AddOnTypeV9><AddOnTypeV9>US-A-SC</AddOnTypeV9><AddOnTypeV9>US-A-COM</AddOnTypeV9><AddOnTypeV9>US-A-RRM</AddOnTypeV9><AddOnTypeV9>US-A-SH</AddOnTypeV9><AddOnTypeV9>SC-A-INSRM</AddOnTypeV9><AddOnTypeV9>US-A-NND</AddOnTypeV9></ProhibitedWithAnyOf></AddOnV9><AddOnV9><AddOnType>US-A-HM</AddOnType><RequiresAllOf><RequiresOneOf><AddOnTypeV9>US-A-DC</AddOnTypeV9><AddOnTypeV9>US-A-SC</AddOnTypeV9></RequiresOneOf></RequiresAllOf><ProhibitedWithAnyOf><AddOnTypeV9>US-A-CR</AddOnTypeV9><AddOnTypeV9>US-A-LANS</AddOnTypeV9><AddOnTypeV9>US-A-LAWS</AddOnTypeV9></ProhibitedWithAnyOf></AddOnV9><AddOnV9><AddOnType>US-A-LANS</AddOnType><RequiresAllOf><RequiresOneOf><AddOnTypeV9>US-A-DC</AddOnTypeV9><AddOnTypeV9>US-A-SC</AddOnTypeV9></RequiresOneOf></RequiresAllOf><ProhibitedWithAnyOf><AddOnTypeV9>US-A-CR</AddOnTypeV9><AddOnTypeV9>US-A-HM</AddOnTypeV9><AddOnTypeV9>US-A-LAWS</AddOnTypeV9></ProhibitedWithAnyOf></AddOnV9><AddOnV9><Amount>0.6</Amount><AddOnType>US-A-LAWS</AddOnType><RequiresAllOf><RequiresOneOf><AddOnTypeV9>US-A-DC</AddOnTypeV9><AddOnTypeV9>US-A-SC</AddOnTypeV9></RequiresOneOf></RequiresAllOf><ProhibitedWithAnyOf><AddOnTypeV9>US-A-CR</AddOnTypeV9><AddOnTypeV9>US-A-HM</AddOnTypeV9><AddOnTypeV9>US-A-LANS</AddOnTypeV9></ProhibitedWithAnyOf></AddOnV9><AddOnV9><Amount>10.95</Amount><AddOnType>US-A-SH</AddOnType><RequiresAllOf><RequiresOneOf><AddOnTypeV9>US-A-DC</AddOnTypeV9><AddOnTypeV9>US-A-SC</AddOnTypeV9></RequiresOneOf></RequiresAllOf><ProhibitedWithAnyOf><AddOnTypeV9>US-A-COM</AddOnTypeV9><AddOnTypeV9>US-A-CM</AddOnTypeV9><AddOnTypeV9>US-A-REG</AddOnTypeV9><AddOnTypeV9>US-A-RD</AddOnTypeV9><AddOnTypeV9>US-A-RRE</AddOnTypeV9></ProhibitedWithAnyOf></AddOnV9><AddOnV9><AddOnType>US-A-PR</AddOnType></AddOnV9></AddOns><EffectiveWeightInOunces>48</EffectiveWeightInOunces><Zone>4</Zone><RateCategory>1000</RateCategory><ToState>OH</ToState></Rate></Rates></GetRatesResponse></soap:Body></soap:Envelope>


