Request: 
POST /webservices/Rate HTTP/1.1
Host: onlinetools.ups.com
Connection: Keep-Alive
User-Agent: PHP-SOAP/5.5.12
Content-Type: text/xml; charset=utf-8
SOAPAction: "http://onlinetools.ups.com/webservices/RateBinding/v1.1"
Content-Length: 3488


Request: 
<?xml version="1.0" encoding="UTF-8"?>
<SOAP-ENV:Envelope xmlns:SOAP-ENV="http://schemas.xmlsoap.org/soap/envelope/" xmlns:ns1="http://www.ups.com/XMLSchema/XOLTWS/Common/v1.0" xmlns:ns2="http://www.ups.com/XMLSchema/XOLTWS/Rate/v1.1" xmlns:ns3="http://www.ups.com/XMLSchema/XOLTWS/UPSS/v1.0"><SOAP-ENV:Header><ns3:UPSSecurity><ns3:UsernameToken><ns3:Username>holidaybows</ns3:Username><ns3:Password>Fountain59</ns3:Password></ns3:UsernameToken><ns3:ServiceAccessToken><ns3:AccessLicenseNumber>EBE9010D119A9E48</ns3:AccessLicenseNumber></ns3:ServiceAccessToken></ns3:UPSSecurity></SOAP-ENV:Header><SOAP-ENV:Body><ns2:RateRequest><ns1:Request><ns1:RequestOption>RATE</ns1:RequestOption><ns1:SubVersion>1801</ns1:SubVersion></ns1:Request><ns2:PickupType><ns2:Code>01</ns2:Code><ns2:Description>Daily Pickup</ns2:Description></ns2:PickupType><ns2:CustomerClassification><ns2:Code>00</ns2:Code><ns2:Description>Rates Associated with Shipper Number</ns2:Description></ns2:CustomerClassification><ns2:Shipment><ns2:Shipper><ns2:ShipperNumber>XF8629</ns2:ShipperNumber><ns2:Address><ns2:AddressLine>4 Tripp Street</ns2:AddressLine><ns2:AddressLine/><ns2:AddressLine/><ns2:City>Framingham</ns2:City><ns2:StateProvinceCode>MA</ns2:StateProvinceCode><ns2:PostalCode>01702</ns2:PostalCode><ns2:CountryCode>US</ns2:CountryCode></ns2:Address></ns2:Shipper><ns2:ShipTo><ns2:Name>Restorative Support</ns2:Name><ns2:Address><ns2:AddressLine>565 E Main St</ns2:AddressLine><ns2:AddressLine>Suite 210</ns2:AddressLine><ns2:AddressLine/><ns2:City>Canfield</ns2:City><ns2:StateProvinceCode>OH</ns2:StateProvinceCode><ns2:PostalCode>44406</ns2:PostalCode><ns2:CountryCode>US</ns2:CountryCode></ns2:Address></ns2:ShipTo><ns2:ShipFrom><ns2:Address><ns2:AddressLine>4 Tripp Street</ns2:AddressLine><ns2:AddressLine/><ns2:AddressLine/><ns2:City>Framingham</ns2:City><ns2:StateProvinceCode>MA</ns2:StateProvinceCode><ns2:PostalCode>01702</ns2:PostalCode><ns2:CountryCode>US</ns2:CountryCode></ns2:Address></ns2:ShipFrom><ns2:FRSPaymentInformation><ns2:Type><ns2:Code>01</ns2:Code><ns2:Description>Prepaid</ns2:Description></ns2:Type><ns2:AccountNumber>XF8629</ns2:AccountNumber><ns2:Address><ns2:PostalCode>01702</ns2:PostalCode><ns2:CountryCode>US</ns2:CountryCode></ns2:Address></ns2:FRSPaymentInformation><ns2:Service><ns2:Code>03</ns2:Code><ns2:Description></ns2:Description></ns2:Service><ns2:Package><ns2:PackagingType><ns2:Code>02</ns2:Code><ns2:Description>Customer supplied</ns2:Description></ns2:PackagingType><ns2:PackageWeight><ns2:UnitOfMeasurement><ns2:Code>LBS</ns2:Code><ns2:Description>Pounds</ns2:Description></ns2:UnitOfMeasurement><ns2:Weight>2</ns2:Weight></ns2:PackageWeight><ns2:Commodity><ns2:FreightClass>125</ns2:FreightClass></ns2:Commodity></ns2:Package><ns2:Package><ns2:PackagingType><ns2:Code>02</ns2:Code><ns2:Description>Customer supplied</ns2:Description></ns2:PackagingType><ns2:PackageWeight><ns2:UnitOfMeasurement><ns2:Code>LBS</ns2:Code><ns2:Description>Pounds</ns2:Description></ns2:UnitOfMeasurement><ns2:Weight>3</ns2:Weight></ns2:PackageWeight><ns2:Commodity><ns2:FreightClass>125</ns2:FreightClass></ns2:Commodity></ns2:Package><ns2:ShipmentRatingOptions><ns2:NegotiatedRatesIndicator></ns2:NegotiatedRatesIndicator><ns2:FRSShipmentIndicator></ns2:FRSShipmentIndicator></ns2:ShipmentRatingOptions><ns2:DeliveryTimeInformation><ns2:PackageBillType>03</ns2:PackageBillType></ns2:DeliveryTimeInformation></ns2:Shipment></ns2:RateRequest></SOAP-ENV:Body></SOAP-ENV:Envelope>

Response: 
HTTP/1.1 200 OK
Date: Thu, 12 Dec 2019 18:40:57 GMT
Server: Apache
Access-Control-Allow-Credentials: true
Access-Control-Max-Age: 600
X-Frame-Options: SAMEORIGIN
X-XSS-Protection: 1; mode=block
X-Content-Type-Options: nosniff
Cache-Control: no-cache, no-store, must-revalidate, max-age=0, no-cache=Set-Cookie
Pragma: no-cache
Strict-Transport-Security: max-age=15768000; includeSubDomains
Pragma: no-cache
Content-Length: 5000
APIHttpStatus: 200
Keep-Alive: timeout=65
Connection: Keep-Alive
Content-Type: text/xml; charset=UTF-8

Response: 
<soapenv:Envelope xmlns:soapenv="http://schemas.xmlsoap.org/soap/envelope/"><soapenv:Header/><soapenv:Body><rate:RateResponse xmlns:rate="http://www.ups.com/XMLSchema/XOLTWS/Rate/v1.1"><common:Response xmlns:common="http://www.ups.com/XMLSchema/XOLTWS/Common/v1.0"><common:ResponseStatus><common:Code>1</common:Code><common:Description>Success</common:Description></common:ResponseStatus><common:Alert><common:Code>112153</common:Code><common:Description>Unregistered User.</common:Description></common:Alert><common:Alert><common:Code>110971</common:Code><common:Description>Your invoice may vary from the displayed reference rates</common:Description></common:Alert><common:TransactionReference/></common:Response><rate:RatedShipment><rate:Service><rate:Code>03</rate:Code><rate:Description/></rate:Service><rate:RatedShipmentAlert><rate:Code>112153</rate:Code><rate:Description>Unregistered User</rate:Description></rate:RatedShipmentAlert><rate:RatedShipmentAlert><rate:Code>110971</rate:Code><rate:Description>Your invoice may vary from the displayed reference rates</rate:Description></rate:RatedShipmentAlert><rate:BillingWeight><rate:UnitOfMeasurement><rate:Code>LBS</rate:Code><rate:Description>Pounds</rate:Description></rate:UnitOfMeasurement><rate:Weight>151.0</rate:Weight></rate:BillingWeight><rate:TransportationCharges><rate:CurrencyCode>USD</rate:CurrencyCode><rate:MonetaryValue>70.78</rate:MonetaryValue></rate:TransportationCharges><rate:BaseServiceCharge><rate:CurrencyCode>USD</rate:CurrencyCode><rate:MonetaryValue>0.00</rate:MonetaryValue></rate:BaseServiceCharge><rate:FRSShipmentData><rate:TransportationCharges><rate:GrossCharge><rate:CurrencyCode>USD</rate:CurrencyCode><rate:MonetaryValue>66.00</rate:MonetaryValue></rate:GrossCharge><rate:DiscountAmount><rate:CurrencyCode>USD</rate:CurrencyCode><rate:MonetaryValue>0.00</rate:MonetaryValue></rate:DiscountAmount><rate:DiscountPercentage>0.0</rate:DiscountPercentage><rate:NetCharge><rate:CurrencyCode>USD</rate:CurrencyCode><rate:MonetaryValue>66.00</rate:MonetaryValue></rate:NetCharge></rate:TransportationCharges></rate:FRSShipmentData><rate:ServiceOptionsCharges><rate:CurrencyCode>USD</rate:CurrencyCode><rate:MonetaryValue>0.00</rate:MonetaryValue></rate:ServiceOptionsCharges><rate:TotalCharges><rate:CurrencyCode>USD</rate:CurrencyCode><rate:MonetaryValue>70.78</rate:MonetaryValue></rate:TotalCharges><rate:NegotiatedRateCharges><rate:TotalCharge><rate:CurrencyCode>USD</rate:CurrencyCode><rate:MonetaryValue>70.78</rate:MonetaryValue></rate:TotalCharge></rate:NegotiatedRateCharges><rate:RatedPackage><rate:TransportationCharges><rate:CurrencyCode>USD</rate:CurrencyCode><rate:MonetaryValue>28.31</rate:MonetaryValue></rate:TransportationCharges><rate:BaseServiceCharge><rate:CurrencyCode>USD</rate:CurrencyCode><rate:MonetaryValue>26.40</rate:MonetaryValue></rate:BaseServiceCharge><rate:ServiceOptionsCharges><rate:CurrencyCode>USD</rate:CurrencyCode><rate:MonetaryValue>0.00</rate:MonetaryValue></rate:ServiceOptionsCharges><rate:ItemizedCharges><rate:Code>375</rate:Code><rate:CurrencyCode>USD</rate:CurrencyCode><rate:MonetaryValue>1.91</rate:MonetaryValue></rate:ItemizedCharges><rate:TotalCharges><rate:CurrencyCode>USD</rate:CurrencyCode><rate:MonetaryValue>28.31</rate:MonetaryValue></rate:TotalCharges><rate:NegotiatedCharges><rate:ItemizedCharges><rate:Code>375</rate:Code><rate:CurrencyCode>USD</rate:CurrencyCode><rate:MonetaryValue>1.91</rate:MonetaryValue></rate:ItemizedCharges></rate:NegotiatedCharges><rate:Weight>2.0</rate:Weight><rate:BillingWeight><rate:UnitOfMeasurement><rate:Code>LBS</rate:Code><rate:Description>Pounds</rate:Description></rate:UnitOfMeasurement><rate:Weight>2.0</rate:Weight></rate:BillingWeight></rate:RatedPackage><rate:RatedPackage><rate:TransportationCharges><rate:CurrencyCode>USD</rate:CurrencyCode><rate:MonetaryValue>42.47</rate:MonetaryValue></rate:TransportationCharges><rate:BaseServiceCharge><rate:CurrencyCode>USD</rate:CurrencyCode><rate:MonetaryValue>39.60</rate:MonetaryValue></rate:BaseServiceCharge><rate:ServiceOptionsCharges><rate:CurrencyCode>USD</rate:CurrencyCode><rate:MonetaryValue>0.00</rate:MonetaryValue></rate:ServiceOptionsCharges><rate:ItemizedCharges><rate:Code>375</rate:Code><rate:CurrencyCode>USD</rate:CurrencyCode><rate:MonetaryValue>2.87</rate:MonetaryValue></rate:ItemizedCharges><rate:TotalCharges><rate:CurrencyCode>USD</rate:CurrencyCode><rate:MonetaryValue>42.47</rate:MonetaryValue></rate:TotalCharges><rate:NegotiatedCharges><rate:ItemizedCharges><rate:Code>375</rate:Code><rate:CurrencyCode>USD</rate:CurrencyCode><rate:MonetaryValue>2.87</rate:MonetaryValue></rate:ItemizedCharges></rate:NegotiatedCharges><rate:Weight>3.0</rate:Weight><rate:BillingWeight><rate:UnitOfMeasurement><rate:Code>LBS</rate:Code><rate:Description>Pounds</rate:Description></rate:UnitOfMeasurement><rate:Weight>3.0</rate:Weight></rate:BillingWeight></rate:RatedPackage></rate:RatedShipment></rate:RateResponse></soapenv:Body></soapenv:Envelope>
