Request: 
POST /webservices/Rate HTTP/1.1
Host: onlinetools.ups.com
Connection: Keep-Alive
User-Agent: PHP-SOAP/5.5.12
Content-Type: text/xml; charset=utf-8
SOAPAction: "http://onlinetools.ups.com/webservices/RateBinding/v1.1"
Content-Length: 3461


Request: 
<?xml version="1.0" encoding="UTF-8"?>
<SOAP-ENV:Envelope xmlns:SOAP-ENV="http://schemas.xmlsoap.org/soap/envelope/" xmlns:ns1="http://www.ups.com/XMLSchema/XOLTWS/Common/v1.0" xmlns:ns2="http://www.ups.com/XMLSchema/XOLTWS/Rate/v1.1" xmlns:ns3="http://www.ups.com/XMLSchema/XOLTWS/UPSS/v1.0"><SOAP-ENV:Header><ns3:UPSSecurity><ns3:UsernameToken><ns3:Username>holidaybows</ns3:Username><ns3:Password>Fountain59</ns3:Password></ns3:UsernameToken><ns3:ServiceAccessToken><ns3:AccessLicenseNumber>EBE9010D119A9E48</ns3:AccessLicenseNumber></ns3:ServiceAccessToken></ns3:UPSSecurity></SOAP-ENV:Header><SOAP-ENV:Body><ns2:RateRequest><ns1:Request><ns1:RequestOption>Shoptimeintransit</ns1:RequestOption><ns1:SubVersion>1801</ns1:SubVersion></ns1:Request><ns2:PickupType><ns2:Code>01</ns2:Code><ns2:Description>Daily Pickup</ns2:Description></ns2:PickupType><ns2:CustomerClassification><ns2:Code>00</ns2:Code><ns2:Description>Rates Associated with Shipper Number</ns2:Description></ns2:CustomerClassification><ns2:Shipment><ns2:Shipper><ns2:ShipperNumber>XF8629</ns2:ShipperNumber><ns2:Address><ns2:AddressLine>4 Tripp Street</ns2:AddressLine><ns2:AddressLine/><ns2:AddressLine/><ns2:City>Framingham</ns2:City><ns2:StateProvinceCode>MA</ns2:StateProvinceCode><ns2:PostalCode>01702</ns2:PostalCode><ns2:CountryCode>US</ns2:CountryCode></ns2:Address></ns2:Shipper><ns2:ShipTo><ns2:Name>Restorative Support</ns2:Name><ns2:Address><ns2:AddressLine>565 E Main St</ns2:AddressLine><ns2:AddressLine>Suite 210</ns2:AddressLine><ns2:AddressLine/><ns2:City>Canfield</ns2:City><ns2:StateProvinceCode>OH</ns2:StateProvinceCode><ns2:PostalCode>44406</ns2:PostalCode><ns2:CountryCode>US</ns2:CountryCode></ns2:Address></ns2:ShipTo><ns2:ShipFrom><ns2:Address><ns2:AddressLine>4 Tripp Street</ns2:AddressLine><ns2:AddressLine/><ns2:AddressLine/><ns2:City>Framingham</ns2:City><ns2:StateProvinceCode>MA</ns2:StateProvinceCode><ns2:PostalCode>01702</ns2:PostalCode><ns2:CountryCode>US</ns2:CountryCode></ns2:Address></ns2:ShipFrom><ns2:Service><ns2:Code>03</ns2:Code><ns2:Description></ns2:Description></ns2:Service><ns2:Package><ns2:PackagingType><ns2:Code>02</ns2:Code><ns2:Description>Customer supplied</ns2:Description></ns2:PackagingType><ns2:Dimensions><ns2:UnitOfMeasurement><ns2:Code>IN</ns2:Code><ns2:Description>inches</ns2:Description></ns2:UnitOfMeasurement><ns2:Length>15</ns2:Length><ns2:Width>3</ns2:Width><ns2:Height>7</ns2:Height></ns2:Dimensions><ns2:PackageWeight><ns2:UnitOfMeasurement><ns2:Code>LBS</ns2:Code><ns2:Description>Pounds</ns2:Description></ns2:UnitOfMeasurement><ns2:Weight>2</ns2:Weight></ns2:PackageWeight></ns2:Package><ns2:Package><ns2:PackagingType><ns2:Code>02</ns2:Code><ns2:Description>Customer supplied</ns2:Description></ns2:PackagingType><ns2:Dimensions><ns2:UnitOfMeasurement><ns2:Code>IN</ns2:Code><ns2:Description>inches</ns2:Description></ns2:UnitOfMeasurement><ns2:Length>24</ns2:Length><ns2:Width>7</ns2:Width><ns2:Height>22</ns2:Height></ns2:Dimensions><ns2:PackageWeight><ns2:UnitOfMeasurement><ns2:Code>LBS</ns2:Code><ns2:Description>Pounds</ns2:Description></ns2:UnitOfMeasurement><ns2:Weight>3</ns2:Weight></ns2:PackageWeight></ns2:Package><ns2:ShipmentRatingOptions><ns2:NegotiatedRatesIndicator></ns2:NegotiatedRatesIndicator></ns2:ShipmentRatingOptions><ns2:DeliveryTimeInformation><ns2:PackageBillType>03</ns2:PackageBillType></ns2:DeliveryTimeInformation></ns2:Shipment></ns2:RateRequest></SOAP-ENV:Body></SOAP-ENV:Envelope>

Response: 
HTTP/1.1 200 OK
Date: Thu, 12 Dec 2019 18:40:55 GMT
Server: Apache
Access-Control-Allow-Credentials: true
Access-Control-Max-Age: 600
X-Frame-Options: SAMEORIGIN
X-XSS-Protection: 1; mode=block
X-Content-Type-Options: nosniff
Cache-Control: no-cache, no-store, must-revalidate, max-age=0, no-cache=Set-Cookie
Pragma: no-cache
Strict-Transport-Security: max-age=15768000; includeSubDomains
Pragma: no-cache
APIHttpStatus: 200
Keep-Alive: timeout=65
Connection: Keep-Alive
Transfer-Encoding: chunked
Content-Type: text/xml; charset=UTF-8

Response: 
<soapenv:Envelope xmlns:soapenv="http://schemas.xmlsoap.org/soap/envelope/"><soapenv:Header/><soapenv:Body><rate:RateResponse xmlns:rate="http://www.ups.com/XMLSchema/XOLTWS/Rate/v1.1"><common:Response xmlns:common="http://www.ups.com/XMLSchema/XOLTWS/Common/v1.0"><common:ResponseStatus><common:Code>1</common:Code><common:Description>Success</common:Description></common:ResponseStatus><common:Alert><common:Code>110971</common:Code><common:Description>Your invoice may vary from the displayed reference rates</common:Description></common:Alert><common:TransactionReference/></common:Response><rate:RatedShipment><rate:Service><rate:Code>14</rate:Code><rate:Description/></rate:Service><rate:RatedShipmentAlert><rate:Code>110971</rate:Code><rate:Description>Your invoice may vary from the displayed reference rates</rate:Description></rate:RatedShipmentAlert><rate:BillingWeight><rate:UnitOfMeasurement><rate:Code>LBS</rate:Code><rate:Description>Pounds</rate:Description></rate:UnitOfMeasurement><rate:Weight>30.0</rate:Weight></rate:BillingWeight><rate:TransportationCharges><rate:CurrencyCode>USD</rate:CurrencyCode><rate:MonetaryValue>354.01</rate:MonetaryValue></rate:TransportationCharges><rate:BaseServiceCharge><rate:CurrencyCode>USD</rate:CurrencyCode><rate:MonetaryValue>0.00</rate:MonetaryValue></rate:BaseServiceCharge><rate:ServiceOptionsCharges><rate:CurrencyCode>USD</rate:CurrencyCode><rate:MonetaryValue>0.00</rate:MonetaryValue></rate:ServiceOptionsCharges><rate:TotalCharges><rate:CurrencyCode>USD</rate:CurrencyCode><rate:MonetaryValue>354.01</rate:MonetaryValue></rate:TotalCharges><rate:NegotiatedRateCharges><rate:TotalCharge><rate:CurrencyCode>USD</rate:CurrencyCode><rate:MonetaryValue>354.01</rate:MonetaryValue></rate:TotalCharge></rate:NegotiatedRateCharges><rate:GuaranteedDelivery><rate:BusinessDaysInTransit>1</rate:BusinessDaysInTransit><rate:DeliveryByTime>10:00 A.M.</rate:DeliveryByTime></rate:GuaranteedDelivery><rate:RatedPackage><rate:TransportationCharges><rate:CurrencyCode>USD</rate:CurrencyCode><rate:MonetaryValue>105.47</rate:MonetaryValue></rate:TransportationCharges><rate:BaseServiceCharge><rate:CurrencyCode>USD</rate:CurrencyCode><rate:MonetaryValue>98.34</rate:MonetaryValue></rate:BaseServiceCharge><rate:ServiceOptionsCharges><rate:CurrencyCode>USD</rate:CurrencyCode><rate:MonetaryValue>0.00</rate:MonetaryValue></rate:ServiceOptionsCharges><rate:ItemizedCharges><rate:Code>376</rate:Code><rate:CurrencyCode>USD</rate:CurrencyCode><rate:MonetaryValue>0.00</rate:MonetaryValue><rate:SubType>Suburban</rate:SubType></rate:ItemizedCharges><rate:ItemizedCharges><rate:Code>375</rate:Code><rate:CurrencyCode>USD</rate:CurrencyCode><rate:MonetaryValue>7.13</rate:MonetaryValue></rate:ItemizedCharges><rate:TotalCharges><rate:CurrencyCode>USD</rate:CurrencyCode><rate:MonetaryValue>105.47</rate:MonetaryValue></rate:TotalCharges><rate:NegotiatedCharges/><rate:Weight>2.0</rate:Weight><rate:BillingWeight><rate:UnitOfMeasurement><rate:Code>LBS</rate:Code><rate:Description>Pounds</rate:Description></rate:UnitOfMeasurement><rate:Weight>3.0</rate:Weight></rate:BillingWeight></rate:RatedPackage><rate:RatedPackage><rate:TransportationCharges><rate:CurrencyCode>USD</rate:CurrencyCode><rate:MonetaryValue>248.54</rate:MonetaryValue></rate:TransportationCharges><rate:BaseServiceCharge><rate:CurrencyCode>USD</rate:CurrencyCode><rate:MonetaryValue>231.74</rate:MonetaryValue></rate:BaseServiceCharge><rate:ServiceOptionsCharges><rate:CurrencyCode>USD</rate:CurrencyCode><rate:MonetaryValue>0.00</rate:MonetaryValue></rate:ServiceOptionsCharges><rate:ItemizedCharges><rate:Code>376</rate:Code><rate:CurrencyCode>USD</rate:CurrencyCode><rate:MonetaryValue>0.00</rate:MonetaryValue><rate:SubType>Suburban</rate:SubType></rate:ItemizedCharges><rate:ItemizedCharges><rate:Code>375</rate:Code><rate:CurrencyCode>USD</rate:CurrencyCode><rate:MonetaryValue>16.80</rate:MonetaryValue></rate:ItemizedCharges><rate:TotalCharges><rate:CurrencyCode>USD</rate:CurrencyCode><rate:MonetaryValue>248.54</rate:MonetaryValue></rate:TotalCharges><rate:NegotiatedCharges/><rate:Weight>3.0</rate:Weight><rate:BillingWeight><rate:UnitOfMeasurement><rate:Code>LBS</rate:Code><rate:Description>Pounds</rate:Description></rate:UnitOfMeasurement><rate:Weight>27.0</rate:Weight></rate:BillingWeight></rate:RatedPackage><rate:TimeInTransit><rate:PickupDate>20191212</rate:PickupDate><rate:PackageBillType>03</rate:PackageBillType><rate:Disclaimer>Services listed as guaranteed are backed by a money-back guarantee for transportation charges only. UPS guarantees the day of delivery for every ground package you ship to any address within all 50 states and Puerto Rico. See Terms and Conditions in the Service Guide for details.</rate:Disclaimer><rate:ServiceSummary><rate:Service><rate:Description>UPS Next Day Air Early</rate:Description></rate:Service><rate:EstimatedArrival><rate:Arrival><rate:Date>20191213</rate:Date><rate:Time>100000</rate:Time></rate:Arrival><rate:BusinessDaysInTransit>1</rate:BusinessDaysInTransit><rate:Pickup><rate:Date>20191212</rate:Date><rate:Time>183000</rate:Time></rate:Pickup><rate:DayOfWeek>FRI</rate:DayOfWeek><rate:CustomerCenterCutoff>173000</rate:CustomerCenterCutoff></rate:EstimatedArrival><rate:GuaranteedIndicator/><rate:SaturdayDelivery>0</rate:SaturdayDelivery></rate:ServiceSummary></rate:TimeInTransit></rate:RatedShipment><rate:RatedShipment><rate:Service><rate:Code>01</rate:Code><rate:Description/></rate:Service><rate:RatedShipmentAlert><rate:Code>110971</rate:Code><rate:Description>Your invoice may vary from the displayed reference rates</rate:Description></rate:RatedShipmentAlert><rate:BillingWeight><rate:UnitOfMeasurement><rate:Code>LBS</rate:Code><rate:Description>Pounds</rate:Description></rate:UnitOfMeasurement><rate:Weight>30.0</rate:Weight></rate:BillingWeight><rate:TransportationCharges><rate:CurrencyCode>USD</rate:CurrencyCode><rate:MonetaryValue>289.66</rate:MonetaryValue></rate:TransportationCharges><rate:BaseServiceCharge><rate:CurrencyCode>USD</rate:CurrencyCode><rate:MonetaryValue>0.00</rate:MonetaryValue></rate:BaseServiceCharge><rate:ServiceOptionsCharges><rate:CurrencyCode>USD</rate:CurrencyCode><rate:MonetaryValue>0.00</rate:MonetaryValue></rate:ServiceOptionsCharges><rate:TotalCharges><rate:CurrencyCode>USD</rate:CurrencyCode><rate:MonetaryValue>289.66</rate:MonetaryValue></rate:TotalCharges><rate:NegotiatedRateCharges><rate:TotalCharge><rate:CurrencyCode>USD</rate:CurrencyCode><rate:MonetaryValue>136.15</rate:MonetaryValue></rate:TotalCharge></rate:NegotiatedRateCharges><rate:GuaranteedDelivery><rate:BusinessDaysInTransit>1</rate:BusinessDaysInTransit><rate:DeliveryByTime>10:30 A.M.</rate:DeliveryByTime></rate:GuaranteedDelivery><rate:RatedPackage><rate:TransportationCharges><rate:CurrencyCode>USD</rate:CurrencyCode><rate:MonetaryValue>73.29</rate:MonetaryValue></rate:TransportationCharges><rate:BaseServiceCharge><rate:CurrencyCode>USD</rate:CurrencyCode><rate:MonetaryValue>68.34</rate:MonetaryValue></rate:BaseServiceCharge><rate:ServiceOptionsCharges><rate:CurrencyCode>USD</rate:CurrencyCode><rate:MonetaryValue>0.00</rate:MonetaryValue></rate:ServiceOptionsCharges><rate:ItemizedCharges><rate:Code>376</rate:Code><rate:CurrencyCode>USD</rate:CurrencyCode><rate:MonetaryValue>0.00</rate:MonetaryValue><rate:SubType>Suburban</rate:SubType></rate:ItemizedCharges><rate:ItemizedCharges><rate:Code>375</rate:Code><rate:CurrencyCode>USD</rate:CurrencyCode><rate:MonetaryValue>4.95</rate:MonetaryValue></rate:ItemizedCharges><rate:TotalCharges><rate:CurrencyCode>USD</rate:CurrencyCode><rate:MonetaryValue>73.29</rate:MonetaryValue></rate:TotalCharges><rate:NegotiatedCharges/><rate:Weight>2.0</rate:Weight><rate:BillingWeight><rate:UnitOfMeasurement><rate:Code>LBS</rate:Code><rate:Description>Pounds</rate:Description></rate:UnitOfMeasurement><rate:Weight>3.0</rate:Weight></rate:BillingWeight></rate:RatedPackage><rate:RatedPackage><rate:TransportationCharges><rate:CurrencyCode>USD</rate:CurrencyCode><rate:MonetaryValue>216.37</rate:MonetaryValue></rate:TransportationCharges><rate:BaseServiceCharge><rate:CurrencyCode>USD</rate:CurrencyCode><rate:MonetaryValue>201.74</rate:MonetaryValue></rate:BaseServiceCharge><rate:ServiceOptionsCharges><rate:CurrencyCode>USD</rate:CurrencyCode><rate:MonetaryValue>0.00</rate:MonetaryValue></rate:ServiceOptionsCharges><rate:ItemizedCharges><rate:Code>376</rate:Code><rate:CurrencyCode>USD</rate:CurrencyCode><rate:MonetaryValue>0.00</rate:MonetaryValue><rate:SubType>Suburban</rate:SubType></rate:ItemizedCharges><rate:ItemizedCharges><rate:Code>375</rate:Code><rate:CurrencyCode>USD</rate:CurrencyCode><rate:MonetaryValue>14.63</rate:MonetaryValue></rate:ItemizedCharges><rate:TotalCharges><rate:CurrencyCode>USD</rate:CurrencyCode><rate:MonetaryValue>216.37</rate:MonetaryValue></rate:TotalCharges><rate:NegotiatedCharges/><rate:Weight>3.0</rate:Weight><rate:BillingWeight><rate:UnitOfMeasurement><rate:Code>LBS</rate:Code><rate:Description>Pounds</rate:Description></rate:UnitOfMeasurement><rate:Weight>27.0</rate:Weight></rate:BillingWeight></rate:RatedPackage><rate:TimeInTransit><rate:PickupDate>20191212</rate:PickupDate><rate:PackageBillType>03</rate:PackageBillType><rate:Disclaimer>Services listed as guaranteed are backed by a money-back guarantee for transportation charges only. UPS guarantees the day of delivery for every ground package you ship to any address within all 50 states and Puerto Rico. See Terms and Conditions in the Service Guide for details.</rate:Disclaimer><rate:ServiceSummary><rate:Service><rate:Description>UPS Next Day Air</rate:Description></rate:Service><rate:EstimatedArrival><rate:Arrival><rate:Date>20191213</rate:Date><rate:Time>120000</rate:Time></rate:Arrival><rate:BusinessDaysInTransit>1</rate:BusinessDaysInTransit><rate:Pickup><rate:Date>20191212</rate:Date><rate:Time>183000</rate:Time></rate:Pickup><rate:DayOfWeek>FRI</rate:DayOfWeek><rate:CustomerCenterCutoff>173000</rate:CustomerCenterCutoff></rate:EstimatedArrival><rate:GuaranteedIndicator/><rate:SaturdayDelivery>0</rate:SaturdayDelivery></rate:ServiceSummary></rate:TimeInTransit></rate:RatedShipment><rate:RatedShipment><rate:Service><rate:Code>13</rate:Code><rate:Description/></rate:Service><rate:RatedShipmentAlert><rate:Code>110971</rate:Code><rate:Description>Your invoice may vary from the displayed reference rates</rate:Description></rate:RatedShipmentAlert><rate:BillingWeight><rate:UnitOfMeasurement><rate:Code>LBS</rate:Code><rate:Description>Pounds</rate:Description></rate:UnitOfMeasurement><rate:Weight>30.0</rate:Weight></rate:BillingWeight><rate:TransportationCharges><rate:CurrencyCode>USD</rate:CurrencyCode><rate:MonetaryValue>274.17</rate:MonetaryValue></rate:TransportationCharges><rate:BaseServiceCharge><rate:CurrencyCode>USD</rate:CurrencyCode><rate:MonetaryValue>0.00</rate:MonetaryValue></rate:BaseServiceCharge><rate:ServiceOptionsCharges><rate:CurrencyCode>USD</rate:CurrencyCode><rate:MonetaryValue>0.00</rate:MonetaryValue></rate:ServiceOptionsCharges><rate:TotalCharges><rate:CurrencyCode>USD</rate:CurrencyCode><rate:MonetaryValue>274.17</rate:MonetaryValue></rate:TotalCharges><rate:NegotiatedRateCharges><rate:TotalCharge><rate:CurrencyCode>USD</rate:CurrencyCode><rate:MonetaryValue>128.86</rate:MonetaryValue></rate:TotalCharge></rate:NegotiatedRateCharges><rate:GuaranteedDelivery><rate:BusinessDaysInTransit>1</rate:BusinessDaysInTransit><rate:DeliveryByTime>3:00 P.M.</rate:DeliveryByTime></rate:GuaranteedDelivery><rate:RatedPackage><rate:TransportationCharges><rate:CurrencyCode>USD</rate:CurrencyCode><rate:MonetaryValue>68.24</rate:MonetaryValue></rate:TransportationCharges><rate:BaseServiceCharge><rate:CurrencyCode>USD</rate:CurrencyCode><rate:MonetaryValue>63.63</rate:MonetaryValue></rate:BaseServiceCharge><rate:ServiceOptionsCharges><rate:CurrencyCode>USD</rate:CurrencyCode><rate:MonetaryValue>0.00</rate:MonetaryValue></rate:ServiceOptionsCharges><rate:ItemizedCharges><rate:Code>376</rate:Code><rate:CurrencyCode>USD</rate:CurrencyCode><rate:MonetaryValue>0.00</rate:MonetaryValue><rate:SubType>Suburban</rate:SubType></rate:ItemizedCharges><rate:ItemizedCharges><rate:Code>375</rate:Code><rate:CurrencyCode>USD</rate:CurrencyCode><rate:MonetaryValue>4.61</rate:MonetaryValue></rate:ItemizedCharges><rate:TotalCharges><rate:CurrencyCode>USD</rate:CurrencyCode><rate:MonetaryValue>68.24</rate:MonetaryValue></rate:TotalCharges><rate:NegotiatedCharges/><rate:Weight>2.0</rate:Weight><rate:BillingWeight><rate:UnitOfMeasurement><rate:Code>LBS</rate:Code><rate:Description>Pounds</rate:Description></rate:UnitOfMeasurement><rate:Weight>3.0</rate:Weight></rate:BillingWeight></rate:RatedPackage><rate:RatedPackage><rate:TransportationCharges><rate:CurrencyCode>USD</rate:CurrencyCode><rate:MonetaryValue>205.93</rate:MonetaryValue></rate:TransportationCharges><rate:BaseServiceCharge><rate:CurrencyCode>USD</rate:CurrencyCode><rate:MonetaryValue>192.01</rate:MonetaryValue></rate:BaseServiceCharge><rate:ServiceOptionsCharges><rate:CurrencyCode>USD</rate:CurrencyCode><rate:MonetaryValue>0.00</rate:MonetaryValue></rate:ServiceOptionsCharges><rate:ItemizedCharges><rate:Code>376</rate:Code><rate:CurrencyCode>USD</rate:CurrencyCode><rate:MonetaryValue>0.00</rate:MonetaryValue><rate:SubType>Suburban</rate:SubType></rate:ItemizedCharges><rate:ItemizedCharges><rate:Code>375</rate:Code><rate:CurrencyCode>USD</rate:CurrencyCode><rate:MonetaryValue>13.92</rate:MonetaryValue></rate:ItemizedCharges><rate:TotalCharges><rate:CurrencyCode>USD</rate:CurrencyCode><rate:MonetaryValue>205.93</rate:MonetaryValue></rate:TotalCharges><rate:NegotiatedCharges/><rate:Weight>3.0</rate:Weight><rate:BillingWeight><rate:UnitOfMeasurement><rate:Code>LBS</rate:Code><rate:Description>Pounds</rate:Description></rate:UnitOfMeasurement><rate:Weight>27.0</rate:Weight></rate:BillingWeight></rate:RatedPackage><rate:TimeInTransit><rate:PickupDate>20191212</rate:PickupDate><rate:PackageBillType>03</rate:PackageBillType><rate:Disclaimer>Services listed as guaranteed are backed by a money-back guarantee for transportation charges only. UPS guarantees the day of delivery for every ground package you ship to any address within all 50 states and Puerto Rico. See Terms and Conditions in the Service Guide for details.</rate:Disclaimer><rate:ServiceSummary><rate:Service><rate:Description>UPS Next Day Air Saver</rate:Description></rate:Service><rate:EstimatedArrival><rate:Arrival><rate:Date>20191213</rate:Date><rate:Time>230000</rate:Time></rate:Arrival><rate:BusinessDaysInTransit>1</rate:BusinessDaysInTransit><rate:Pickup><rate:Date>20191212</rate:Date><rate:Time>183000</rate:Time></rate:Pickup><rate:DayOfWeek>FRI</rate:DayOfWeek><rate:CustomerCenterCutoff>173000</rate:CustomerCenterCutoff></rate:EstimatedArrival><rate:GuaranteedIndicator/><rate:SaturdayDelivery>0</rate:SaturdayDelivery></rate:ServiceSummary></rate:TimeInTransit></rate:RatedShipment><rate:RatedShipment><rate:Service><rate:Code>02</rate:Code><rate:Description/></rate:Service><rate:RatedShipmentAlert><rate:Code>110971</rate:Code><rate:Description>Your invoice may vary from the displayed reference rates</rate:Description></rate:RatedShipmentAlert><rate:BillingWeight><rate:UnitOfMeasurement><rate:Code>LBS</rate:Code><rate:Description>Pounds</rate:Description></rate:UnitOfMeasurement><rate:Weight>30.0</rate:Weight></rate:BillingWeight><rate:TransportationCharges><rate:CurrencyCode>USD</rate:CurrencyCode><rate:MonetaryValue>103.45</rate:MonetaryValue></rate:TransportationCharges><rate:BaseServiceCharge><rate:CurrencyCode>USD</rate:CurrencyCode><rate:MonetaryValue>0.00</rate:MonetaryValue></rate:BaseServiceCharge><rate:ItemizedCharges><rate:Code>300</rate:Code><rate:CurrencyCode>USD</rate:CurrencyCode><rate:MonetaryValue>32.00</rate:MonetaryValue></rate:ItemizedCharges><rate:ServiceOptionsCharges><rate:CurrencyCode>USD</rate:CurrencyCode><rate:MonetaryValue>32.00</rate:MonetaryValue></rate:ServiceOptionsCharges><rate:TotalCharges><rate:CurrencyCode>USD</rate:CurrencyCode><rate:MonetaryValue>135.45</rate:MonetaryValue></rate:TotalCharges><rate:NegotiatedRateCharges><rate:TotalCharge><rate:CurrencyCode>USD</rate:CurrencyCode><rate:MonetaryValue>86.90</rate:MonetaryValue></rate:TotalCharge></rate:NegotiatedRateCharges><rate:GuaranteedDelivery><rate:BusinessDaysInTransit>2</rate:BusinessDaysInTransit></rate:GuaranteedDelivery><rate:RatedPackage><rate:TransportationCharges><rate:CurrencyCode>USD</rate:CurrencyCode><rate:MonetaryValue>24.76</rate:MonetaryValue></rate:TransportationCharges><rate:BaseServiceCharge><rate:CurrencyCode>USD</rate:CurrencyCode><rate:MonetaryValue>22.00</rate:MonetaryValue></rate:BaseServiceCharge><rate:ServiceOptionsCharges><rate:CurrencyCode>USD</rate:CurrencyCode><rate:MonetaryValue>16.00</rate:MonetaryValue></rate:ServiceOptionsCharges><rate:ItemizedCharges><rate:Code>376</rate:Code><rate:CurrencyCode>USD</rate:CurrencyCode><rate:MonetaryValue>0.00</rate:MonetaryValue><rate:SubType>Suburban</rate:SubType></rate:ItemizedCharges><rate:ItemizedCharges><rate:Code>375</rate:Code><rate:CurrencyCode>USD</rate:CurrencyCode><rate:MonetaryValue>2.76</rate:MonetaryValue></rate:ItemizedCharges><rate:TotalCharges><rate:CurrencyCode>USD</rate:CurrencyCode><rate:MonetaryValue>40.76</rate:MonetaryValue></rate:TotalCharges><rate:NegotiatedCharges/><rate:Weight>2.0</rate:Weight><rate:BillingWeight><rate:UnitOfMeasurement><rate:Code>LBS</rate:Code><rate:Description>Pounds</rate:Description></rate:UnitOfMeasurement><rate:Weight>3.0</rate:Weight></rate:BillingWeight></rate:RatedPackage><rate:RatedPackage><rate:TransportationCharges><rate:CurrencyCode>USD</rate:CurrencyCode><rate:MonetaryValue>78.69</rate:MonetaryValue></rate:TransportationCharges><rate:BaseServiceCharge><rate:CurrencyCode>USD</rate:CurrencyCode><rate:MonetaryValue>72.29</rate:MonetaryValue></rate:BaseServiceCharge><rate:ServiceOptionsCharges><rate:CurrencyCode>USD</rate:CurrencyCode><rate:MonetaryValue>16.00</rate:MonetaryValue></rate:ServiceOptionsCharges><rate:ItemizedCharges><rate:Code>376</rate:Code><rate:CurrencyCode>USD</rate:CurrencyCode><rate:MonetaryValue>0.00</rate:MonetaryValue><rate:SubType>Suburban</rate:SubType></rate:ItemizedCharges><rate:ItemizedCharges><rate:Code>375</rate:Code><rate:CurrencyCode>USD</rate:CurrencyCode><rate:MonetaryValue>6.40</rate:MonetaryValue></rate:ItemizedCharges><rate:TotalCharges><rate:CurrencyCode>USD</rate:CurrencyCode><rate:MonetaryValue>94.69</rate:MonetaryValue></rate:TotalCharges><rate:NegotiatedCharges/><rate:Weight>3.0</rate:Weight><rate:BillingWeight><rate:UnitOfMeasurement><rate:Code>LBS</rate:Code><rate:Description>Pounds</rate:Description></rate:UnitOfMeasurement><rate:Weight>27.0</rate:Weight></rate:BillingWeight></rate:RatedPackage><rate:TimeInTransit><rate:PickupDate>20191212</rate:PickupDate><rate:PackageBillType>03</rate:PackageBillType><rate:Disclaimer>Services listed as guaranteed are backed by a money-back guarantee for transportation charges only. UPS guarantees the day of delivery for every ground package you ship to any address within all 50 states and Puerto Rico. See Terms and Conditions in the Service Guide for details.</rate:Disclaimer><rate:ServiceSummary><rate:Service><rate:Description>UPS 2nd Day Air</rate:Description></rate:Service><rate:EstimatedArrival><rate:Arrival><rate:Date>20191214</rate:Date><rate:Time>230000</rate:Time></rate:Arrival><rate:BusinessDaysInTransit>2</rate:BusinessDaysInTransit><rate:Pickup><rate:Date>20191212</rate:Date><rate:Time>183000</rate:Time></rate:Pickup><rate:DayOfWeek>SAT</rate:DayOfWeek><rate:CustomerCenterCutoff>173000</rate:CustomerCenterCutoff></rate:EstimatedArrival><rate:GuaranteedIndicator/><rate:SaturdayDelivery>1</rate:SaturdayDelivery><rate:SaturdayDeliveryDisclaimer>Saturday Delivery is available for an additional charge.</rate:SaturdayDeliveryDisclaimer></rate:ServiceSummary></rate:TimeInTransit></rate:RatedShipment><rate:RatedShipment><rate:Service><rate:Code>59</rate:Code><rate:Description/></rate:Service><rate:RatedShipmentAlert><rate:Code>110971</rate:Code><rate:Description>Your invoice may vary from the displayed reference rates</rate:Description></rate:RatedShipmentAlert><rate:BillingWeight><rate:UnitOfMeasurement><rate:Code>LBS</rate:Code><rate:Description>Pounds</rate:Description></rate:UnitOfMeasurement><rate:Weight>30.0</rate:Weight></rate:BillingWeight><rate:TransportationCharges><rate:CurrencyCode>USD</rate:CurrencyCode><rate:MonetaryValue>115.08</rate:MonetaryValue></rate:TransportationCharges><rate:BaseServiceCharge><rate:CurrencyCode>USD</rate:CurrencyCode><rate:MonetaryValue>0.00</rate:MonetaryValue></rate:BaseServiceCharge><rate:ServiceOptionsCharges><rate:CurrencyCode>USD</rate:CurrencyCode><rate:MonetaryValue>0.00</rate:MonetaryValue></rate:ServiceOptionsCharges><rate:TotalCharges><rate:CurrencyCode>USD</rate:CurrencyCode><rate:MonetaryValue>115.08</rate:MonetaryValue></rate:TotalCharges><rate:NegotiatedRateCharges><rate:TotalCharge><rate:CurrencyCode>USD</rate:CurrencyCode><rate:MonetaryValue>59.85</rate:MonetaryValue></rate:TotalCharge></rate:NegotiatedRateCharges><rate:GuaranteedDelivery><rate:BusinessDaysInTransit>2</rate:BusinessDaysInTransit><rate:DeliveryByTime>10:30 A.M.</rate:DeliveryByTime></rate:GuaranteedDelivery><rate:RatedPackage><rate:TransportationCharges><rate:CurrencyCode>USD</rate:CurrencyCode><rate:MonetaryValue>25.79</rate:MonetaryValue></rate:TransportationCharges><rate:BaseServiceCharge><rate:CurrencyCode>USD</rate:CurrencyCode><rate:MonetaryValue>24.05</rate:MonetaryValue></rate:BaseServiceCharge><rate:ServiceOptionsCharges><rate:CurrencyCode>USD</rate:CurrencyCode><rate:MonetaryValue>0.00</rate:MonetaryValue></rate:ServiceOptionsCharges><rate:ItemizedCharges><rate:Code>376</rate:Code><rate:CurrencyCode>USD</rate:CurrencyCode><rate:MonetaryValue>0.00</rate:MonetaryValue><rate:SubType>Suburban</rate:SubType></rate:ItemizedCharges><rate:ItemizedCharges><rate:Code>375</rate:Code><rate:CurrencyCode>USD</rate:CurrencyCode><rate:MonetaryValue>1.74</rate:MonetaryValue></rate:ItemizedCharges><rate:TotalCharges><rate:CurrencyCode>USD</rate:CurrencyCode><rate:MonetaryValue>25.79</rate:MonetaryValue></rate:TotalCharges><rate:NegotiatedCharges/><rate:Weight>2.0</rate:Weight><rate:BillingWeight><rate:UnitOfMeasurement><rate:Code>LBS</rate:Code><rate:Description>Pounds</rate:Description></rate:UnitOfMeasurement><rate:Weight>3.0</rate:Weight></rate:BillingWeight></rate:RatedPackage><rate:RatedPackage><rate:TransportationCharges><rate:CurrencyCode>USD</rate:CurrencyCode><rate:MonetaryValue>89.29</rate:MonetaryValue></rate:TransportationCharges><rate:BaseServiceCharge><rate:CurrencyCode>USD</rate:CurrencyCode><rate:MonetaryValue>83.25</rate:MonetaryValue></rate:BaseServiceCharge><rate:ServiceOptionsCharges><rate:CurrencyCode>USD</rate:CurrencyCode><rate:MonetaryValue>0.00</rate:MonetaryValue></rate:ServiceOptionsCharges><rate:ItemizedCharges><rate:Code>376</rate:Code><rate:CurrencyCode>USD</rate:CurrencyCode><rate:MonetaryValue>0.00</rate:MonetaryValue><rate:SubType>Suburban</rate:SubType></rate:ItemizedCharges><rate:ItemizedCharges><rate:Code>375</rate:Code><rate:CurrencyCode>USD</rate:CurrencyCode><rate:MonetaryValue>6.04</rate:MonetaryValue></rate:ItemizedCharges><rate:TotalCharges><rate:CurrencyCode>USD</rate:CurrencyCode><rate:MonetaryValue>89.29</rate:MonetaryValue></rate:TotalCharges><rate:NegotiatedCharges/><rate:Weight>3.0</rate:Weight><rate:BillingWeight><rate:UnitOfMeasurement><rate:Code>LBS</rate:Code><rate:Description>Pounds</rate:Description></rate:UnitOfMeasurement><rate:Weight>27.0</rate:Weight></rate:BillingWeight></rate:RatedPackage><rate:TimeInTransit><rate:PickupDate>20191212</rate:PickupDate><rate:PackageBillType>03</rate:PackageBillType><rate:Disclaimer>Services listed as guaranteed are backed by a money-back guarantee for transportation charges only. UPS guarantees the day of delivery for every ground package you ship to any address within all 50 states and Puerto Rico. See Terms and Conditions in the Service Guide for details.</rate:Disclaimer><rate:ServiceSummary><rate:Service><rate:Description>UPS 2nd Day Air A.M.</rate:Description></rate:Service><rate:EstimatedArrival><rate:Arrival><rate:Date>20191216</rate:Date><rate:Time>120000</rate:Time></rate:Arrival><rate:BusinessDaysInTransit>2</rate:BusinessDaysInTransit><rate:Pickup><rate:Date>20191212</rate:Date><rate:Time>183000</rate:Time></rate:Pickup><rate:DayOfWeek>MON</rate:DayOfWeek><rate:CustomerCenterCutoff>173000</rate:CustomerCenterCutoff></rate:EstimatedArrival><rate:GuaranteedIndicator/><rate:SaturdayDelivery>0</rate:SaturdayDelivery></rate:ServiceSummary></rate:TimeInTransit></rate:RatedShipment><rate:RatedShipment><rate:Service><rate:Code>02</rate:Code><rate:Description/></rate:Service><rate:RatedShipmentAlert><rate:Code>110971</rate:Code><rate:Description>Your invoice may vary from the displayed reference rates</rate:Description></rate:RatedShipmentAlert><rate:BillingWeight><rate:UnitOfMeasurement><rate:Code>LBS</rate:Code><rate:Description>Pounds</rate:Description></rate:UnitOfMeasurement><rate:Weight>30.0</rate:Weight></rate:BillingWeight><rate:TransportationCharges><rate:CurrencyCode>USD</rate:CurrencyCode><rate:MonetaryValue>101.13</rate:MonetaryValue></rate:TransportationCharges><rate:BaseServiceCharge><rate:CurrencyCode>USD</rate:CurrencyCode><rate:MonetaryValue>0.00</rate:MonetaryValue></rate:BaseServiceCharge><rate:ServiceOptionsCharges><rate:CurrencyCode>USD</rate:CurrencyCode><rate:MonetaryValue>0.00</rate:MonetaryValue></rate:ServiceOptionsCharges><rate:TotalCharges><rate:CurrencyCode>USD</rate:CurrencyCode><rate:MonetaryValue>101.13</rate:MonetaryValue></rate:TotalCharges><rate:NegotiatedRateCharges><rate:TotalCharge><rate:CurrencyCode>USD</rate:CurrencyCode><rate:MonetaryValue>52.58</rate:MonetaryValue></rate:TotalCharge></rate:NegotiatedRateCharges><rate:GuaranteedDelivery><rate:BusinessDaysInTransit>2</rate:BusinessDaysInTransit></rate:GuaranteedDelivery><rate:RatedPackage><rate:TransportationCharges><rate:CurrencyCode>USD</rate:CurrencyCode><rate:MonetaryValue>23.60</rate:MonetaryValue></rate:TransportationCharges><rate:BaseServiceCharge><rate:CurrencyCode>USD</rate:CurrencyCode><rate:MonetaryValue>22.00</rate:MonetaryValue></rate:BaseServiceCharge><rate:ServiceOptionsCharges><rate:CurrencyCode>USD</rate:CurrencyCode><rate:MonetaryValue>0.00</rate:MonetaryValue></rate:ServiceOptionsCharges><rate:ItemizedCharges><rate:Code>376</rate:Code><rate:CurrencyCode>USD</rate:CurrencyCode><rate:MonetaryValue>0.00</rate:MonetaryValue><rate:SubType>Suburban</rate:SubType></rate:ItemizedCharges><rate:ItemizedCharges><rate:Code>375</rate:Code><rate:CurrencyCode>USD</rate:CurrencyCode><rate:MonetaryValue>1.60</rate:MonetaryValue></rate:ItemizedCharges><rate:TotalCharges><rate:CurrencyCode>USD</rate:CurrencyCode><rate:MonetaryValue>23.60</rate:MonetaryValue></rate:TotalCharges><rate:NegotiatedCharges/><rate:Weight>2.0</rate:Weight><rate:BillingWeight><rate:UnitOfMeasurement><rate:Code>LBS</rate:Code><rate:Description>Pounds</rate:Description></rate:UnitOfMeasurement><rate:Weight>3.0</rate:Weight></rate:BillingWeight></rate:RatedPackage><rate:RatedPackage><rate:TransportationCharges><rate:CurrencyCode>USD</rate:CurrencyCode><rate:MonetaryValue>77.53</rate:MonetaryValue></rate:TransportationCharges><rate:BaseServiceCharge><rate:CurrencyCode>USD</rate:CurrencyCode><rate:MonetaryValue>72.29</rate:MonetaryValue></rate:BaseServiceCharge><rate:ServiceOptionsCharges><rate:CurrencyCode>USD</rate:CurrencyCode><rate:MonetaryValue>0.00</rate:MonetaryValue></rate:ServiceOptionsCharges><rate:ItemizedCharges><rate:Code>376</rate:Code><rate:CurrencyCode>USD</rate:CurrencyCode><rate:MonetaryValue>0.00</rate:MonetaryValue><rate:SubType>Suburban</rate:SubType></rate:ItemizedCharges><rate:ItemizedCharges><rate:Code>375</rate:Code><rate:CurrencyCode>USD</rate:CurrencyCode><rate:MonetaryValue>5.24</rate:MonetaryValue></rate:ItemizedCharges><rate:TotalCharges><rate:CurrencyCode>USD</rate:CurrencyCode><rate:MonetaryValue>77.53</rate:MonetaryValue></rate:TotalCharges><rate:NegotiatedCharges/><rate:Weight>3.0</rate:Weight><rate:BillingWeight><rate:UnitOfMeasurement><rate:Code>LBS</rate:Code><rate:Description>Pounds</rate:Description></rate:UnitOfMeasurement><rate:Weight>27.0</rate:Weight></rate:BillingWeight></rate:RatedPackage><rate:TimeInTransit><rate:PickupDate>20191212</rate:PickupDate><rate:PackageBillType>03</rate:PackageBillType><rate:Disclaimer>Services listed as guaranteed are backed by a money-back guarantee for transportation charges only. UPS guarantees the day of delivery for every ground package you ship to any address within all 50 states and Puerto Rico. See Terms and Conditions in the Service Guide for details.</rate:Disclaimer><rate:ServiceSummary><rate:Service><rate:Description>UPS 2nd Day Air</rate:Description></rate:Service><rate:EstimatedArrival><rate:Arrival><rate:Date>20191216</rate:Date><rate:Time>230000</rate:Time></rate:Arrival><rate:BusinessDaysInTransit>2</rate:BusinessDaysInTransit><rate:Pickup><rate:Date>20191212</rate:Date><rate:Time>183000</rate:Time></rate:Pickup><rate:DayOfWeek>MON</rate:DayOfWeek><rate:CustomerCenterCutoff>173000</rate:CustomerCenterCutoff></rate:EstimatedArrival><rate:GuaranteedIndicator/><rate:SaturdayDelivery>0</rate:SaturdayDelivery></rate:ServiceSummary></rate:TimeInTransit></rate:RatedShipment><rate:RatedShipment><rate:Service><rate:Code>03</rate:Code><rate:Description/></rate:Service><rate:RatedShipmentAlert><rate:Code>110971</rate:Code><rate:Description>Your invoice may vary from the displayed reference rates</rate:Description></rate:RatedShipmentAlert><rate:BillingWeight><rate:UnitOfMeasurement><rate:Code>LBS</rate:Code><rate:Description>Pounds</rate:Description></rate:UnitOfMeasurement><rate:Weight>30.0</rate:Weight></rate:BillingWeight><rate:TransportationCharges><rate:CurrencyCode>USD</rate:CurrencyCode><rate:MonetaryValue>31.27</rate:MonetaryValue></rate:TransportationCharges><rate:BaseServiceCharge><rate:CurrencyCode>USD</rate:CurrencyCode><rate:MonetaryValue>0.00</rate:MonetaryValue></rate:BaseServiceCharge><rate:ServiceOptionsCharges><rate:CurrencyCode>USD</rate:CurrencyCode><rate:MonetaryValue>0.00</rate:MonetaryValue></rate:ServiceOptionsCharges><rate:TotalCharges><rate:CurrencyCode>USD</rate:CurrencyCode><rate:MonetaryValue>31.27</rate:MonetaryValue></rate:TotalCharges><rate:NegotiatedRateCharges><rate:TotalCharge><rate:CurrencyCode>USD</rate:CurrencyCode><rate:MonetaryValue>17.61</rate:MonetaryValue></rate:TotalCharge></rate:NegotiatedRateCharges><rate:RatedPackage><rate:TransportationCharges><rate:CurrencyCode>USD</rate:CurrencyCode><rate:MonetaryValue>11.48</rate:MonetaryValue></rate:TransportationCharges><rate:BaseServiceCharge><rate:CurrencyCode>USD</rate:CurrencyCode><rate:MonetaryValue>10.70</rate:MonetaryValue></rate:BaseServiceCharge><rate:ServiceOptionsCharges><rate:CurrencyCode>USD</rate:CurrencyCode><rate:MonetaryValue>0.00</rate:MonetaryValue></rate:ServiceOptionsCharges><rate:ItemizedCharges><rate:Code>376</rate:Code><rate:CurrencyCode>USD</rate:CurrencyCode><rate:MonetaryValue>0.00</rate:MonetaryValue><rate:SubType>Suburban</rate:SubType></rate:ItemizedCharges><rate:ItemizedCharges><rate:Code>375</rate:Code><rate:CurrencyCode>USD</rate:CurrencyCode><rate:MonetaryValue>0.78</rate:MonetaryValue></rate:ItemizedCharges><rate:TotalCharges><rate:CurrencyCode>USD</rate:CurrencyCode><rate:MonetaryValue>11.48</rate:MonetaryValue></rate:TotalCharges><rate:NegotiatedCharges/><rate:Weight>2.0</rate:Weight><rate:BillingWeight><rate:UnitOfMeasurement><rate:Code>LBS</rate:Code><rate:Description>Pounds</rate:Description></rate:UnitOfMeasurement><rate:Weight>3.0</rate:Weight></rate:BillingWeight></rate:RatedPackage><rate:RatedPackage><rate:TransportationCharges><rate:CurrencyCode>USD</rate:CurrencyCode><rate:MonetaryValue>19.79</rate:MonetaryValue></rate:TransportationCharges><rate:BaseServiceCharge><rate:CurrencyCode>USD</rate:CurrencyCode><rate:MonetaryValue>18.45</rate:MonetaryValue></rate:BaseServiceCharge><rate:ServiceOptionsCharges><rate:CurrencyCode>USD</rate:CurrencyCode><rate:MonetaryValue>0.00</rate:MonetaryValue></rate:ServiceOptionsCharges><rate:ItemizedCharges><rate:Code>376</rate:Code><rate:CurrencyCode>USD</rate:CurrencyCode><rate:MonetaryValue>0.00</rate:MonetaryValue><rate:SubType>Suburban</rate:SubType></rate:ItemizedCharges><rate:ItemizedCharges><rate:Code>375</rate:Code><rate:CurrencyCode>USD</rate:CurrencyCode><rate:MonetaryValue>1.34</rate:MonetaryValue></rate:ItemizedCharges><rate:TotalCharges><rate:CurrencyCode>USD</rate:CurrencyCode><rate:MonetaryValue>19.79</rate:MonetaryValue></rate:TotalCharges><rate:NegotiatedCharges/><rate:Weight>3.0</rate:Weight><rate:BillingWeight><rate:UnitOfMeasurement><rate:Code>LBS</rate:Code><rate:Description>Pounds</rate:Description></rate:UnitOfMeasurement><rate:Weight>27.0</rate:Weight></rate:BillingWeight></rate:RatedPackage><rate:TimeInTransit><rate:PickupDate>20191212</rate:PickupDate><rate:PackageBillType>03</rate:PackageBillType><rate:Disclaimer>Services listed as guaranteed are backed by a money-back guarantee for transportation charges only. UPS guarantees the day of delivery for every ground package you ship to any address within all 50 states and Puerto Rico. See Terms and Conditions in the Service Guide for details.</rate:Disclaimer><rate:ServiceSummary><rate:Service><rate:Description>UPS Ground</rate:Description></rate:Service><rate:EstimatedArrival><rate:Arrival><rate:Date>20191216</rate:Date><rate:Time>230000</rate:Time></rate:Arrival><rate:BusinessDaysInTransit>2</rate:BusinessDaysInTransit><rate:Pickup><rate:Date>20191212</rate:Date><rate:Time>183000</rate:Time></rate:Pickup><rate:DayOfWeek>MON</rate:DayOfWeek><rate:CustomerCenterCutoff>173000</rate:CustomerCenterCutoff></rate:EstimatedArrival><rate:SaturdayDelivery>0</rate:SaturdayDelivery></rate:ServiceSummary></rate:TimeInTransit></rate:RatedShipment></rate:RateResponse></soapenv:Body></soapenv:Envelope>
